4527,
4528,A. L. Vijay
4529,A. Raajdheep
4530,A. Salaam
4531,A.R. Murugadoss
4532,Aadish Keluskar
4533,Aamir Bashir
4534,Aamir Khan
4535,Aanand Rai
4536,Aaron Burns
4537,Aaron Hancox; Michael McNamara
4538,Aaron Hann; Mario Miscione
4539,Aaron Lieber
4540,Aaron Nee; Adam Nee
4541,Aaron Sorkin
4542,Aaron Woodley
4543,Aatmaram Dharne
4544,Abba T. Makama
4545,Abbas Alibhai Burmawalla; Mastan Alibhai Burmawalla
4546,Abbas Mustan
4547,Abbas Tyrewala
4548,Abby Epstein
4549,Abdellatif Kechiche
4550,Abdul Aziz Hashad
4551,Abdulaziz Alshlahei
4552,Abel Ferrara
4553,Abhay Chopra
4554,Abhijeet Deshpande
4555,Abhijit Kokate; Srivinay Salian
4556,Abhijit Panse
4557,Abhinay Deo
4558,Abhishek Chaubey
4559,Abhishek Kapoor
4560,Abhishek Saxena
4561,Abhishek Sharma
4562,Abhishek Varman
4563,Abir Sengupta
4564,Abu Bakr Shawky
4565,Achille Brice
4566,Adam Alleca
4567,Adam B. Stein; Zach Lipovsky
4568,Adam Bhala Lough
4569,Adam Bolt
4570,Adam Collins; Luke Radford
4571,Adam Davis; Jerry Kolber; Trey Nelson; Erich Sturm
4572,Adam Del Giudice
4573,Adam Deyoe
4574,Adam Dubin
4575,Adam Leon
4576,Adam MacDonald
4577,Adam Marino
4578,Adam McKay
4579,Adam Nimoy
4580,Adam Randall
4581,Adam Salky
4582,Adam Shankman
4583,Adam Sjöberg
4584,Adam Smith
4585,Adam Wingard
4586,Adam Wood
4587,Adarsh Eshwarappa
4588,Adekunle Nodash Adejuyigbe
4589,Adele K. Thomas; Richard Bailey
4590,Adisorn Tresirikasem
4591,Aditya Kripalani
4592,Aditya Sarpotdar
4593,Aditya Vikram Sengupta
4594,Adrián García Bogliano
4595,Adrian Murray
4596,Adrian Teh
4597,Adriana Trigiani
4598,Adriano Rudiman
4599,Adrien Lagier; Ousmane Ly
4600,Advait Chandan
4601,Adze Ugah
4602,Afia Nathaniel
4603,Afonso Poyart
4604,Agasyah Karim; Khalid Kashogi
4605,Agnidev Chatterjee
4606,Agustí Villaronga
4607,Ah Loong
4608,Ahishor Solomon
4609,Ahmad El-Badri
4610,Ahmad Samir Farag
4611,Ahmed Al-Badry
4612,Ahmed El Gendy
4613,Ahmed Medhat
4614,Ahmed Nader Galal
4615,Ahmed Saleh
4616,Ahmed Siddiqui
4617,Ahmed Yousry; Hazem Fouda
4618,Ahmed Zain
4619,Ahmed Zein
4620,Ahmet Katıksız
4621,Ahn Byoung-wook
4622,Ahsan Rahim
4623,Aijaz Khan
4624,Ainsley Gardiner; Briar Grace-Smith
4625,Aitor Arregi; Jon Garaño
4626,Aitor Arregi; Jon Garaño; Jose Mari Goenaga
4627,Ajay Bahl
4628,Ajay Bhuyan; Kunal Kohli
4629,Ajay Phansekar
4630,Ajithkumar
4631,Akashdeep
4632,Akay Mason; Abosi Ogba
4633,Akhigbe Ilozobhie
4634,Akhil Paul; Anas Khan
4635,Akin Omotoso
4636,Akira Saitoh
4637,Akiva Goldsman
4638,Akiva Schaffer
4639,Akiyuki Shinbo; Nobuyuki Takeuchi
4640,Akram Farouk
4641,Akshay Akkineni
4642,Akshay Sanjeev Chavan; Sumit Das
4643,Al Campbell; Alice Mathias
4644,Alaa Eddine Aljem
4645,Alain Brunard
4646,Alain Darborg
4647,Alain Desrochers
4648,Alan Alda
4649,Alan J. Pakula
4650,Alan Parker
4651,Alan Rickman
4652,Alan Yang
4653,Alankrita Shrivastava
4654,Alastair Fothergill
4655,Alastair Fothergill; Jonnie Hughes; Keith Scholey
4656,Albert Hughes; Allen Hughes
4657,Albert Sharpe
4658,Alberto Arnaut Estrada
4659,Alberto Rodríguez
4660,Alê Abreu
4661,Alejandra Márquez Abella
4662,Alejandro Agresti
4663,Alejandro De Grazia; Juan Stadler
4664,Alejandro Doria
4665,Alejandro Fernández Almendras
4666,Alejandro G. Iñárritu
4667,Alejandro Hartmann
4668,Alejandro Lozano
4669,Alejandro Montiel
4670,Alejandro Ruax; Ramiro Martínez
4671,Aleksey German
4672,Aleksey Tsitsilin
4673,Alessandra de Rossi
4674,Alessandro Angulo
4675,Alessandro Pepe
4676,Alessio Cremonini
4677,Alethea Jones
4678,Alex Burunova
4679,Alex Coletti
4680,Álex de la Iglesia
4681,Alex Díaz
4682,Alex Díaz; Marcos Bucay
4683,Alex Garland
4684,Alex Gibney
4685,Alex Holmes
4686,Alex Infascelli
4687,Alex Israel
4688,Alex Law
4689,Alex Lehmann
4690,Alex Merkin
4691,Alex Parkinson; Richard da Costa
4692,Àlex Pastor; David Pastor
4693,Alex Proyas
4694,Alex Ranarivelo
4695,Alex Richanbach
4696,Alex Smith; Andrew J. Smith
4697,Alex Stapleton
4698,Alex Timbers
4699,Alex Timbers; Sam Wrench
4700,Alex Winter
4701,Alex Woo; Stanley Moore
4702,Alex Zamm
4703,Alexandra Dean
4704,Alexandre Aja
4705,Alexandre Avancini
4706,Alexandre Espigares
4707,Alexandre Heboyan; Benoît Philippon
4708,Alexandre Reinecke
4709,Alexandros Avranas
4710,Alexis Almström
4711,Alexis Morante
4712,Alexx Media
4713,Alfons Adetuyi
4714,Alfonso Arau
4715,Alfonso Cortés-Cavanillas
4716,Alfonso Cuarón
4717,Alfonso Rodríguez
4718,Alfonso Serrano Maturino
4719,Ali Bin Matar; Ibrahim Bin Mohamed
4720,Ali F. Mostafa
4721,Ali Kalthami; Meshal Aljaser; Faris Godus; Mohamed al Salman; Faisal al Amer
4722,Ali Ragab
4723,Ali Samadi Ahadi
4724,Ali Scher
4725,Ali Tabrizi
4726,Ali Taner Baltacı
4727,Ali Taner Baltacı; Cem Yılmaz
4728,Ali Yorgancıoğlu
4729,Alice Filippi
4730,Alice Rohrwacher
4731,Alice Waddington
4732,Alice Wu
4733,Alik Sakharov
4734,Alina Teodorescu
4735,Alison E. Rose
4736,Alison Klayman
4737,Alison MacLean
4738,Alistair Legrand
4739,Allan Ungar
4740,Allen Coulter
4741,Ally Pankiw
4742,Alma Har'el
4743,Almudena Carracedo; Robert Bahar
4744,Almunsif Alsuwaisi
4745,Alo Sarkar
4746,Alphonso J. Wesson
4747,Álvaro Brechner
4748,Álvaro Delgado-Aparicio L.
4749,Álvaro Longoria; Gerardo Olivares
4750,Amaan Khan
4751,Amal Neerad
4752,Amanda Micheli
4753,Amanda Raymond
4754,Amar Gupte
4755,Amar Kaushik
4756,Amara Cash
4757,Amardeep Singh Gill
4758,Amarjit Virdi
4759,Amarpreet G S Chabbra
4760,Amber Tamblyn
4761,Amin Dora
4762,Amir Mohiuddin
4763,Amit Barot
4764,Amit Rai
4765,Amit Roy
4766,Amit Saxena
4767,Amitabha Singh
4768,Amitava Bhattacharya
4769,Amitoj Mann
4770,Amman Abbasi
4771,Amol Palekar
4772,Amr Arafa
4773,Amr Salama
4774,Amro Salah
4775,Amshan Kumar
4776,Amy Poehler
4777,Amy Rice
4778,Amy Schumer
4779,Amy Segal
4780,Ana Kokkinos
4781,Ana Lily Amirpour
4782,Ana Quiroga
4783,Anand Kamalakar
4784,Anand Ravichandran
4785,Anand Tiwari
4786,Anand Tucker
4787,Ananda Krishnan
4788,Anant Balani
4789,Ananth Narayan Mahadevan
4790,Andaç Haznedaroğlu
4791,Anders Falck; Stinus Morell Vithner
4792,Anders Sømme Hammer; Marius Arnesen; Klaus Erik Okstad; Olav Njaastad
4793,Andibachtiar Yusuf
4794,André D'Elia
4795,André Odendaal; Johan Vorster
4796,André Øvredal
4797,Andrea Arnold
4798,Andrea Molaioli
4799,Andreas Johnsen
4800,Andreas Pichler
4801,Andreas Prochaska
4802,Andres Clariond
4803,Andrés Couturier
4804,Andrés Feddersen
4805,Andrew Bergman
4806,Andrew Bujalski
4807,Andrew C. Erin
4808,Andrew Davis
4809,Andrew Dean
4810,Andrew Dominik
4811,Andrew Douglas
4812,Andrew Duncan; Ken Cunningham
4813,Andrew Fleming
4814,Andrew Goth
4815,Andrew Jenks
4816,Andrew Lau Wai-Keung
4817,Andrew Lau Wai-keung; Alan Mak
4818,Andrew Lau Wai-Keung; Andrew Loo
4819,Andrew Nackman
4820,Andrew Niccol
4821,Andrew Renzi
4822,Andrew Sandler
4823,Andrew Slater
4824,Andrew Stanton
4825,Andrew Tan; Michael Goguen
4826,Andrew Tan; Stephen Murray
4827,Andrew Wessels
4828,Andrucha Waddington; Pedro Waddington
4829,Andrzej Bartkowiak
4830,Andy Caballero; Diego Corsini
4831,Andy Capper
4832,Andy Devonshire
4833,Andy Fickman
4834,Andy Goddard
4835,Andy Serkis
4836,Andy Tennant
4837,Anees Bazmee
4838,Ang Lee
4839,Ange Basterga; Nicolas Lopez
4840,Ángel Gómez Hernández
4841,Angel Kristi Williams
4842,Ángeles Reiné
4843,Angelina Jolie
4844,Angga Dwimas Sasongko
4845,Anggy Umbara
4846,Angshuman Ghosh
4847,Aniedi Anwah
4848,Anik Datta
4849,Anil Sharma
4850,Anil Thomas
4851,Anil V. Kumar; Anurag Basu
4852,Anindya Chatterjee
4853,Anirban Majumder
4854,Aniruddha Roy Chowdhury
4855,Anissa Bonnefont
4856,Anita Barbosa
4857,Anita Udeep
4858,Anjali Nayar
4859,Anjum Shahzad
4860,Ann Deborah Fishman
4861,Anna Boden; Ryan Fleck
4862,Anna Elizabeth James
4863,Anna Stone
4864,Anna Wieczur-Bluszcz
4865,Anne Fletcher
4866,Anne Fontaine
4867,Anoop Sathyan
4868,Anthony Abrams; Adam Larson Broder
4869,Anthony Bell
4870,Anthony Byrne
4871,Anthony Caronna; Alexander Smith
4872,Anthony Chan
4873,Anthony D'Souza
4874,Anthony Giordano
4875,Anthony Lucero
4876,Anthony Mandler
4877,Anthony Minghella
4878,Anthony Pierce
4879,Anthony Russo; Joe Russo
4880,Anthony Scott Burns
4881,Anthony Scott Burns; Nicholas McCarthy; Adam Egypt Mortimer; Gary Shore; Kevin Smith; Sarah Adina Smith; Scott Stewart; Kevin Kolsch; Dennis Widmyer
4882,Anthony Wonke
4883,Antoine Bardou-Jacquet
4884,Antoine Fuqua
4885,Antoinette Jadaone
4886,Anton Corbijn
4887,Antoni Krauze
4888,Antonin Baudry
4889,Antonio Campos
4890,Antonio Chavarrías
4891,Antonio Díaz
4892,Antonio Morabito
4893,Antonio Serrano
4894,Anu Menon
4895,Anubhav Sinha
4896,Anurag Basu
4897,Anurag Kashyap
4898,Anurag Kashyap; Dibakar Banerjee; Karan Johar; Zoya Akhtar
4899,Anurag Singh
4900,Anuranjan Premji
4901,Anurin Nwunembom
4902,Anurin Nwunembom; Musing Derrick
4903,Anusha Rizvi; Mahmood Farooqui
4904,Anvita Dutt
4905,Apoorva Lakhia
4906,Appie Boudellah; Aram van de Rest
4907,April Mullen
4908,Apurva Dhar Badgaiyann
4909,Arati Kadav
4910,Archie Borders
4911,Archie Hekagery
4912,Ari Folman
4913,Ari Levinson
4914,Ari Sandel
4915,Ariel Boles
4916,Ariel Vromen
4917,Arjun Gourisaria; Moinak Biswas
4918,Arjun Jandyala
4919,Armando Iannucci
4920,Arnab Chaudhuri
4921,Arne Birkenstock
4922,Arnon Manor; Timothy Ware-Hill
4923,Arpan Sarkar; Shyamal Chaulia
4924,Arthur Allan Seidelman
4925,Arthur Muhammad
4926,Arthur Penn
4927,Arun Chidambaram
4928,Arun Vaidyanathan
4929,Aruna Raje
4930,Asghar Farhadi
4931,Ash Brannon; Chris Buck
4932,Ashim Ahluwalia
4933,Ashish R. Mohan
4934,Ashish R. Shukla
4935,Ashok Nanda
4936,Ashraf Fayeq
4937,Ashu Trikha
4938,Ashutosh Gowariker
4939,Ashwin Saravanan
4940,Ashwiny Iyer Tiwari
4941,Ashwiny Iyer Tiwari; Abhishek Chaubey; Saket Chaudhary
4942,Asif Kapadia
4943,Asim Abbasi
4944,Asim Raza
4945,Asit Mohapatra; Shyamal Chaulia
4946,Asri Bendacha
4947,Atanu Ghosh
4948,Atanu Mukherjee
4949,Atharv Baluja
4950,Athiyan Athirai
4951,Atlee Kumar
4952,Atom Egoyan
4953,Atsajun Sattakovit
4954,Atsuko Ishizuka
4955,Attila Till
4956,Atul Malhotra
4957,Atul Sabharwal
4958,Audu Paden; Eric Radomski
4959,August Jakobsson
4960,Augustine Frizzell
4961,Aurora Guerrero
4962,Austin Peck; Anneliese Vandenberg
4963,Austin Stark
4964,Ava DuVernay
4965,Avadhoot Gupte
4966,Avgousta Zourelidi
4967,Avi Federgreen
4968,Avinash Arun
4969,Avinash Das
4970,Avinash Walzade
4971,Awi Suryadi
4972,Axelle Laffont
4973,Ayaan Mukherji
4974,Ayman Makram
4975,Aytaç Ağırlar
4976,Ayumu Watanabe
4977,Ayush Raina
4978,Azazel Jacobs
4979,Azfar Jafri
4980,Aziz Ansari
4981,Aziz Mirza
4982,B. Subhash
4983,B. T Thomas
4984,B. Unnikrishnan
4985,B. V. Nandini Reddy
4986,B.N. Shajeer Sha
4987,Babak Anvari
4988,Bahij Hojeij
4989,Baljit Singh Deo
4990,Baltasar Kormákur
4991,Balu Mahendra
4992,Banjong Pisanthanakun
4993,Banjong Pisanthanakun; Parkpoom Wongpoom
4994,Banjong Pisanthanakun; Paween Purikitpanya; Songyos Sugmakanan; Parkpoom Wongpoom; Visute Poolvoralaks
4995,Bao Nhan; Namcito
4996,Barak Goodman
4997,Baran bo Odar
4998,Barbara Białowąs; Tomasz Mandes
4999,Barbara Kopple
5000,Barbra Streisand
5001,Barbra Streisand; Jim Gable
5002,Barney Clay
5003,Barry Avrich
5004,Barry Gonzalez
5005,Barry Jenkins
5006,Barry Levinson
5007,Barry Sonnenfeld
5008,Bart Freundlich
5009,Bartosz M. Kowalski
5010,Basava Shankar Eeday
5011,Bashir El Deek
5012,Bassam Kurdali
5013,Bassam Tariq
5014,Basu Chatterjee
5015,Bauddhayan Mukherji
5016,Baz Luhrmann
5017,BB Sasore
5018,Bedabrata Pain
5019,Bedran Güzel
5020,Beeban Kidron
5021,Bejoy Nambiar
5022,Bejoy Nambiar; Priyadarshan; Karthik Narain; Vasanth Sai; Karthik Subbaraj; Arvind Swamy; Rathindran R Prasad; Sarjun; Gautham Vasudev Menon
5023,Ben A. Williams
5024,Ben Bowie; Geoff Luck
5025,Ben Brewer; Alex Brewer
5026,Ben C. Lucas
5027,Ben Falcone
5028,Ben Kasulke
5029,Ben Palmer
5030,Ben Patterson
5031,Ben Ryder
5032,Ben Shelton
5033,Ben Simms
5034,Ben Steele
5035,Ben Wallis
5036,Ben Wheatley
5037,Ben Young
5038,Ben Younger
5039,Benedict Andrews
5040,Benjamin Arfmann
5041,Benjamin Cohen; Nicolas Cotto
5042,Benjamin Dickinson
5043,Benjamin Ree
5044,Benjamin Ross
5045,Benjamin Turner
5046,Benjamin Turner; Gabe Turner
5047,Benjamin Weill
5048,Benny Fine
5049,Benny Fredman
5050,Benny Safdie; Josh Safdie
5051,Benoît Jacquot
5052,Benson Lee
5053,Bent-Jorgen Perlmutt
5054,Bernard Rose
5055,Bernardo Arellano
5056,Bernie Denk
5057,Bert Marcus
5058,Bert Marcus; Cyrus Saidi
5059,Beth Sleven; Allan Jacobsen; Kevin Wotton
5060,Bette Gordon
5061,Betty Thomas
5062,Beyoncé Knowles-Carter
5063,Bhagyaraj
5064,Bharat Jain
5065,Bharat Nalluri
5066,Bhavik Thakore
5067,Bhavin Wadia
5068,Bhushan Patel
5069,Bigflo & Oli; Jérémie Levypon
5070,Bilal Lashari
5071,Bill Condon
5072,Bill D'Elia
5073,Bill Guttentag; Michael Ware
5074,Bill Oliver
5075,Bille August
5076,Bille Woodruff
5077,Billy Bob Thornton
5078,Billy Corben
5079,Billy Lyons
5080,Billy Ray
5081,Bin Bunluerit
5082,Binayak Das
5083,Binu Ulahhannan
5084,Biodun Stephen
5085,Biswajeet Bora
5086,Biyi Bandele
5087,Blair Hayes
5088,Blair Simmons
5089,Blake Harris; Chris Bouchard
5090,Blayne Weaver
5091,Bo Burnham
5092,Bo Burnham; Christopher Storer
5093,Bo Welch
5094,Bob Hercules; Rita Coburn Whack
5095,Bob Nelson
5096,Bob Odenkirk
5097,Bob Rose
5098,Bobby Farrelly; Peter Farrelly
5099,Bobby Roth
5100,Bobcat Goldthwait
5101,Bolanle Austen-Peters
5102,Bong Joon Ho
5103,Bonni Cohen; Jon Shenk
5104,Borja Cobeaga
5105,Brad Anderson
5106,Brad Bird
5107,Brad Furman
5108,Brad Peyton
5109,Brad Silberling
5110,Braden R. Duemmler
5111,Bradley Parker
5112,Bradley Walsh
5113,Brandon Camp
5114,Brandon Dickerson
5115,Brandon Jones
5116,Brant Sersen
5117,Brendan Byrne
5118,Brendan Malloy; Emmett Malloy
5119,Brendan Toller
5120,Brendon Marotta
5121,Brent Bonacorso
5122,Brent Dawes
5123,Brent Maddock
5124,Brett Donowho
5125,Brett Haley
5126,Brett Harvey
5127,Brett Hedlund
5128,Brett Ratner
5129,Brett Weiner
5130,Brett Whitcomb
5131,Brian A. Miller
5132,Brian Andrew Mendoza
5133,Brian Baugh
5134,Brian De Palma
5135,Brian Helgeland
5136,Brian Henson
5137,Brian Klein
5138,Brian Knappenberger
5139,Brian Levant
5140,Brian M. Conley; Nathan Ives
5141,Brian Oakes
5142,Brian O'Malley
5143,Brian Robbins
5144,Brian Skiba
5145,Brian Smith
5146,Brian Smrz
5147,Brian Volk-Weiss
5148,Brian Webber
5149,Brie Larson
5150,Brit McAdams
5151,Brittany Andrews
5152,Brodje Wemboendja
5153,Brody Chu
5154,Bronwen Hughes
5155,Bruce Beresford
5156,Bruce Gowers
5157,Bruce Leddy
5158,Bruce MacDonald; Gabriel Sabloff
5159,Bruce McCulloch
5160,Bruce McDonald
5161,Bruce Robinson
5162,Bruce W. Smith
5163,Bruno Garotti
5164,Bryan Bertino
5165,Bryan Buckley
5166,Bryan Fogel
5167,Bryan Singer
5168,Bryce Wagoner
5169,Bryn Evans
5170,Buchi Babu Sana
5171,Buddhadev Dasgupta
5172,Bumpy
5173,Bunmi Ajakaiye
5174,Burak Aksak
5175,Burhan Qurbani
5176,Burr Steers
5177,Buta Singh
5178,Buz Wallick
5179,Buzz Kulik
5180,Byeon Hee-sun
5181,Byron Howard; Chris Williams
5182,Byun Hyuk
5183,C. Fitz
5184,C.J. Wallis
5185,Çagan Irmak
5186,Cai Cong
5187,Caio Cobra
5188,Cal Brunker
5189,Cal Saville
5190,Cal Seville
5191,Callie Khouri; Jesse V. Johnson
5192,Camilla Nielsson
5193,Camille Delamarre
5194,Camille Shooshani
5195,Can Ulkay
5196,Caradog W. James
5197,Carey McKenzie
5198,Carla Barros
5199,Carles Torras
5200,Carlo Padial
5201,Carlos Algara; Alejandro Martinez-Beltran
5202,Carlos Bolado
5203,Carlos Marques-Marcet
5204,Carlos Moreno
5205,Carlos Morett
5206,Carlos Pérez Osorio
5207,Carlos Sedes
5208,Carlos Sorín
5209,Carlos Therón
5210,Carlos Vermut
5211,Carly Stone
5212,Caroline Suh
5213,Cary Joji Fukunaga
5214,Cary Murnion; Jonathan Milott
5215,Caryn Waechter
5216,Cassi Simonds
5217,Cassia Dian
5218,Castille Landon
5219,Cate Shortland
5220,Catherine Hardwicke
5221,Cathy Garcia-Molina
5222,Cavi Borges; Luciano Vidigal
5223,Cecilia Atán; Valeria Pivato
5224,Cecilia Peck
5225,Cecilia Verheyden
5226,Cédric Jimenez
5227,Cedric Nicolas-Troyan
5228,Célia Catunda; Kiko Mistrorigo; Rodrigo Eba
5229,Cem Yılmaz
5230,César Rodrigues
5231,Chad Archibald
5232,Chad Hartigan
5233,Chad L. Scheifele
5234,Chad Van De Keere
5235,Chairun Nissa
5236,Chaitanya Tamhane
5237,Chakri Toleti
5238,Chanda Bell
5239,Chandan Arora
5240,Chandra Liow
5241,Chandra Prakash Dwivedi
5242,Chandrakant Kanse
5243,Chandrakant Kulkarni
5244,Chandran Narikode
5245,Chang Chin-jung; Chen Rong-hui
5246,Chang-Min Lee
5247,Chanon Yingyong; Phuwanit Pholdee
5248,Chan-sang Lim
5249,Chapman Way; Maclain Way
5250,Charles A. Nichols; Iwao Takamoto
5251,Charles Gozali; Bagus Bramanti
5252,Charles Martin
5253,Charles Martin Smith
5254,Charles Officer
5255,Charles Stone III
5256,Charles Uwagbai
5257,Charlie Haskell; Koichi Sakamoto
5258,Charlie Kaufman
5259,Charlie Lightening
5260,Charlie McDowell
5261,Charlie Siskel
5262,Charlie Vaughn
5263,Charlotte Zwerin
5264,Charneice Fox
5265,Chatchai Katenut; Manussa Vorasingha; Tanwarin Sukkhapisit; Poj Arnon
5266,Chayanop Boonprakob
5267,Che Sandoval
5268,Cheang Pou Soi
5269,Cheh Chang
5270,Cheng Wei-hao
5271,Chester Tam
5272,Cheta Chukwu
5273,Chi Fat Chan
5274,Chi Keung Fung
5275,Chia Tang
5276,Chiaki Kon
5277,Chia-Liang Liu
5278,Chinaza Onuzo
5279,Chineze Anyaene
5280,Chito S. Roño
5281,Chiwetel Ejiofor
5282,Cho Il
5283,Cho Li; Chen Hung-yi; Weica Wang; Liu Bang-yao; Lin Guan-fu; Shen Chi; YC Tom Lee
5284,Choi Jin-seong
5285,Chow Hin Yeung Roy
5286,Chris Appelhans
5287,Chris Baugh
5288,Chris Bell
5289,Chris Bell; Josh Alexander; Greg Young
5290,Chris Blake
5291,Chris Bolan
5292,Chris Bould
5293,Chris Buck; Jennifer Lee; Patrick Osborne; Lauren MacMullan; John Kahrs; Nathan Greno; Byron Howard; Stevie Wermers; Dean Wellins; Kevin Deters; Roger Allers; Mike Gabriel; Mark Henn
5294,Chris Buck; Kevin Lima
5295,Chris Burkard
5296,Chris Columbus
5297,Chris Eigeman
5298,Chris Eneng Enaji
5299,Chris Foggin
5300,Chris Gorak
5301,Chris Howe
5302,Chris Jenkins
5303,Chris Kelly
5304,Chris Koch
5305,Chris McCoy
5306,Chris Miller
5307,Chris Moukarbel
5308,Chris Nahon
5309,Chris Nelson
5310,Chris Perkel
5311,Chris Renaud
5312,Chris Renaud; Kyle Balda
5313,Chris Robinson
5314,Chris Rock
5315,Chris Roland; Maradona Dias Dos Santos
5316,Chris Sivertson
5317,Chris Smith
5318,Chris Sparling
5319,Chris Stokes
5320,Chris Weitz
5321,Chris Weitz; Paul Weitz
5322,Christel Gibson
5323,Christian Alvart
5324,Christian Charles
5325,Christian De Vita
5326,Christian Desmares; Franck Ekinci
5327,Christian Ditter
5328,Christian Duguay
5329,Christian E. Christiansen
5330,Christian Gudegast
5331,Christian Schwochow
5332,Christian Zübert
5333,Christine Luby
5334,Christophe Charrier
5335,Christophe Honoré
5336,Christopher Alender
5337,Christopher Amos
5338,Christopher Cain
5339,Christopher Chambers
5340,Christopher Guest
5341,Christopher Louie
5342,Christopher Martin
5343,Christopher Murray
5344,Christopher Nolan
5345,Christopher Nolen
5346,Christopher Ray
5347,Christopher S. Rech; Brandon Kimber
5348,Christopher Smith
5349,Christopher Storer
5350,Chuck Russell
5351,Chun Wong
5352,Chung Mong-hong
5353,Ciarán Foy
5354,Claire McCarthy
5355,Claire Scanlon
5356,Clara Martínez-Lázaro
5357,Clarence Yiu-leung Fok
5358,Clark Johnson
5359,Claude Barras
5360,Claude Lelouch
5361,Clay Glen
5362,Clay Kaytis
5363,Clay Porter
5364,Clay Staub
5365,Clementine Malpas; Leslie Knott
5366,Clint Butler
5367,Clint Eastwood
5368,Clive Tonge
5369,Clovis Cornillac
5370,Cody Cameron; Kris Pearn
5371,Cody Stokes
5372,Coerte Voorhees; John Voorhees
5373,Colin Dench
5374,Colin Minihan
5375,Colin Strause; Greg Strause
5376,Colin Teague
5377,Colin Trevorrow
5378,Conor Allyn
5379,Conrad Helten
5380,Conrad Helten; Ezekiel Norton; Michael Goguen
5381,Constance Marks
5382,Coodie; Chike
5383,Cooper Karl
5384,Corbin Bernsen
5385,Corey Grant
5386,Corey Yuen
5387,Corey Yuen; Patrick Leung
5388,Cory Edwards
5389,Cosima Spender
5390,Cosmo Feilding-Mellen
5391,Courtney Hunt
5392,Craig Anderson
5393,Craig Brewer
5394,Craig Elrod
5395,Craig Freimond
5396,Craig Gillespie
5397,Craig Goodwill
5398,Craig Johnson
5399,Craig Moss
5400,Cris D'Amato
5401,Cristi Puiu
5402,Cristina Costantini; Kareem Tabsch
5403,Cristina Jacob
5404,Crystal Moselle
5405,Cüneyt Kaya
5406,Curro Velázquez
5407,Curtis Graham
5408,Curtis Hanson
5409,Cyrus Nowrasteh
5410,D Ho
5411,Daan Jansen; Stijn Verlinde
5412,Dado C. Lumibao
5413,Dallas Jackson
5414,Dallas Jenkins
5415,Damani Baker
5416,Damián Romay
5417,Damien Chazelle; Houda Benyamina; Laïla Marrakchi; Alan Poul
5418,Damien Leone
5419,Damien O’Connor
5420,Damien Piscarel; Florent Bodin
5421,Damon Cardasis
5422,Dan Forgione; Pete Jacobs; Matt Whitlock
5423,Dan Forrer
5424,Dan Fraga; William Lau
5425,Dan Gilroy
5426,Dan Harris
5427,Dan Krauss
5428,Dan Kwan; Daniel Scheinert
5429,Dan Lucchesi
5430,Dan Villegas
5431,Dana Doron; Uriel Sinai
5432,Dana Nachman; Don Hardy Jr.
5433,Dani de la Orden
5434,Dani de la Torre
5435,Dani Levy
5436,Daniel Ablin
5437,Daniel Alfredson
5438,Daniel Arasanz
5439,Daniel Benmayor
5440,Daniel Burman
5441,Daniel Calparsoro
5442,Daniel Effiong
5443,Daniel Espinosa
5444,Daniel Goldhaber
5445,Daniel Gordon
5446,Daniel Gray Longino
5447,Daniel J. Clark
5448,Daniel Joseph
5449,Daniel Kontur
5450,Daniel Lee
5451,Daniel Lindsay; T.J. Martin
5452,Daniel Mann
5453,Daniel Mann; Joseph Sargent
5454,Daniel Markowicz
5455,Daniel McCabe
5456,Daniel Minahan
5457,Daniel Monzón
5458,Daniel Noah
5459,Daniel Oriahi
5460,Daniel Prochaska
5461,Daniel Raim
5462,Daniel Růžička
5463,Daniel Sánchez Arévalo
5464,Daniel Sandu
5465,Daniel Schechter
5466,Daniel Stamm
5467,Daniel Vernon
5468,Daniel Wilner
5469,Daniel Yee Heng Chan
5470,Daniela Goggi
5471,Daniele Thompson
5472,Danish Aslam
5473,Danishka Esterhazy
5474,Danny Boyle
5475,Danny Cannon
5476,Danny J. Boyle
5477,Danny Leiner
5478,Dante Lam
5479,Dar Gai
5480,Dare Olaitan
5481,Darragh O'Connell
5482,Darren Grant
5483,Darren Lynn Bousman
5484,Daryl Hannah
5485,Dash Shaw
5486,Datta Mohan Bhandare
5487,Dava Whisenant
5488,Dave Green
5489,Dave Higby
5490,Dave Needham
5491,Dave Patten
5492,Dave Skinner; Freddie Waters
5493,David A. Vargas
5494,David Allensworth; Monière
5495,David Ayer
5496,David Batra; Jon Rudberg
5497,David Batty
5498,David Benioff; D.B. Weiss
5499,David Benullo
5500,David Blair
5501,David Briggs
5502,David Bruckner
5503,David Charhon
5504,David Chirchirillo
5505,David Chuang; Chen Kuan-chung
5506,David Cronenberg
5507,David de Vos
5508,David Dhawan
5509,David Dobkin
5510,David E. Talbert
5511,David Fairhead
5512,David Fairhead; Anthony Palmer
5513,David Feiss
5514,David Fincher
5515,David France
5516,David Frankel
5517,David Galán Galindo
5518,David Gelb
5519,David Gordon Green
5520,David Grossman
5521,David Guy Levy
5522,David Hackl
5523,David Hunt
5524,David Koepp
5525,David L. Cunningham
5526,David L.G. Hughes
5527,David LaChapelle
5528,David Lam
5529,David Lean
5530,David Lee Miller
5531,David Leveaux
5532,David Lowery
5533,David Lynch
5534,David M. Rosenthal
5535,David Mackenzie
5536,David Marmor
5537,David McCracken
5538,David Michôd
5539,David Mirkin
5540,David Moreton
5541,David Morris; Jacqui Morris
5542,David Mrnka
5543,David O. Russell
5544,David Oelhoffen
5545,David Oyelowo
5546,David Pablos
5547,David Paul Meyer
5548,David R. Ellis
5549,David Raynr
5550,David Salzberg; Christian Tureaud
5551,David Sampliner
5552,David Schalko
5553,David Serrano
5554,David Shisgall
5555,David Silberg
5556,David Sington
5557,David Sington; Heather Walsh
5558,David Slade
5559,David Soren
5560,David Stubbs
5561,David 'Tosh' Gitonga; Michael Jones
5562,David Tryhorn; Ben Nicholas
5563,David Wain
5564,David Wnendt
5565,David Yarovesky
5566,David Zeiger
5567,David Zucker
5568,Davis Guggenheim
5569,Dawn Porter
5570,Dean Craig
5571,Dean DeBlois
5572,Dean Parisot
5573,Dean Wright
5574,Deane Taylor
5575,Debaloy Dey
5576,Debamitra Biswal
5577,Debbie Allen
5578,Debra Granik
5579,Dee Rees
5580,Deep Joshi
5581,Deepa Mehta
5582,Deepika Narayan Bhardwaj
5583,Deepti Naval
5584,Dejan Zečević
5585,Delhiprasad Deenadayalan
5586,Demetri Martin
5587,Denis Do
5588,Denis Hennelly; Casey Suchan
5589,Denis Villeneuve
5590,Deniz Gamze Ergüven
5591,Dennie Gordon
5592,Dennis Bartok
5593,Dennis Dugan
5594,Dennis Iliadis
5595,Dennis Rovira van Boekholt
5596,Dennis Scholl; Kareem Tabsch
5597,Denny Lu; Mike Myhre
5598,Derek Cianfrance
5599,Derek Hui
5600,Derek Peck
5601,Derek Yee
5602,Derick Cabrido
5603,Desingh Periyasamy
5604,Destin Daniel Cretton
5605,Detlev Buck
5606,Devaki Singh; Luke Kenny
5607,Devashish Makhija
5608,Devika Bhagat
5609,Devin Chanda
5610,Dhanush
5611,Dharmendra Suresh Desai
5612,Dharmesh Darshan
5613,Dheeraj Berry
5614,Dhilip Kumar
5615,Dhruv Dhawan
5616,Dianne Dreyer
5617,Dibakar Banerjee
5618,Diego Cohen
5619,Diego Enrique Osorno
5620,Diego Kaplan
5621,Diego Lerman
5622,Diego Luna
5623,Diego Pignataro
5624,Digo Ricio
5625,Dileep Narayanan
5626,Dilip Mehta
5627,Dimitri Logothetis
5628,Ding Sheng
5629,Ding-Lin Wang
5630,Dino Risi
5631,Dito Montiel
5632,DJ Chen
5633,Doesjka van Hoogdalem
5634,Dolapo Adeleke
5635,Domenico de Feudis
5636,Dominic Sena
5637,Don Argott; Sheena M. Joyce
5638,Don Bluth
5639,Don Bluth; Gary Goldman; Dan Kuenster
5640,Don Mancini
5641,Don Michael Paul
5642,Don Omope
5643,Donald Petrie
5644,Donick Cary
5645,Donovan Marsh
5646,Dorian Fernández-Moris
5647,Doron Paz; Yoav Paz
5648,Doug Hamilton
5649,Doug Lefler
5650,Douglas Attal
5651,Douglas McGrath
5652,Drake Doremus
5653,Drea Cooper; Zackary Canepari
5654,Drew Casson
5655,Drew Heriot
5656,Drew Stone
5657,Duncan Jones
5658,Duncan McMath
5659,Duncan Skiles
5660,Dustin Hoffman
5661,Dustin McKenzie
5662,Dustin McKenzie; Andrew Duncan; Audu Paden
5663,Dustin McKenzie; Steve Sacks
5664,Dustin Nguyen
5665,Dylan Bank; Daniel DiMauro; Morgan Pehme
5666,Dylan C. Brown
5667,Dylan Haegens; Bas van Teylingen
5668,Dylan Howitt
5669,Dylan Mohan Gray
5670,Ed Lilly
5671,Ed Perkins
5672,Eddie Martin
5673,Eddie Mensore
5674,Eddie Rosas
5675,Edgar Wright
5676,Edoardo Ponti
5677,Eduardo Casanova
5678,Eduardo Chauvet
5679,Eduardo Mendoza de Echave
5680,Eduardo Pinto
5681,Eduardo Roy Jr.
5682,Edward Cotterill
5683,Edward Drake
5684,Edward Ellis; Flor Salcedo; Aaron Woolf
5685,Edward James Olmos
5686,Edward Zwick
5687,Edwin
5688,Eeshwar Nivas
5689,Ehtesham Uddin
5690,Einar Gabbassov
5691,Ekachai Uekrongtham
5692,Ekene Som Mekwunye
5693,Elaine Bogan; John Sanford
5694,Elaine McMillion Sheldon
5695,Eleonore Pourriat
5696,Eli Craig
5697,Eli Roth
5698,Elías León
5699,Elisa Fuksas
5700,Elisabeth Vogler
5701,Elissa Down
5702,Elite Zexer
5703,Elizabeth Chai Vasarhelyi
5704,Elizabeth Wood
5705,Elle Callahan
5706,Elle-Máijá Tailfeathers; Kathleen Hepburn
5707,Ellen Brown
5708,Ellen Page; Ian Daniel
5709,Ellen Seidler; Megan Siler
5710,Ellen Weissbrod
5711,Ellena Wood; Jesse Vile
5712,Elliot Hegarty
5713,Elliot Silverstein
5714,Elsa Flores Almaraz; Richard J Montoya
5715,Elvira Lind
5716,Emanuel Hoss-Desmarais
5717,Emcy Joseph
5718,Emil Ben-Shimon
5719,Emilio Martínez Lázaro
5720,Emily Hagins
5721,Emir Kusturica
5722,Emma Hatherley
5723,Emma Tammi
5724,Emmanuel Amara
5725,Emmanuel Mouret
5726,Emmett Malloy
5727,Enah Johnscott
5728,Enrico Bisi
5729,Enrique García Meza
5730,Eric Abrams
5731,Eric Aghimien
5732,Eric Bress
5733,Eric Bross
5734,Eric D. Cabello Díaz
5735,Eric Darnell; Simon J. Smith
5736,Eric Darnell; Tom McGrath
5737,Eric Darnell; Tom McGrath; Conrad Vernon
5738,Eric Drath
5739,Eric Goode; Rebecca Chaiklin
5740,Eric Idle
5741,Eric Idle; Aubrey Powell
5742,Eric Juhola
5743,Eric Khoo
5744,Eric Laneuville
5745,Eric Meza
5746,Eric Notarnicola
5747,Eric Stoltz
5748,Eric Summer; Éric Warin
5749,Eric Zaragosa
5750,Erik Canuel
5751,Erik Kling; Kevin Peaty
5752,Erik Matti
5753,Erik Nelson
5754,Erik White
5755,Ernie Barbarash
5756,Erol Özlevi
5757,Errol Morris
5758,Ertanto Robby Soediskam
5759,Erwin van den Eshof
5760,Eshom Nelms; Ian Nelms
5761,Esteban Crespo
5762,Esteban Sapir
5763,Esteban Vidal
5764,Estela Renner
5765,Ester Gould; Reijer Zwaan
5766,Ethan Coen; Joel Coen
5767,Ethan Hawke
5768,Eugenio Derbez
5769,Eva Müller; Michael Schmitt
5770,Eva Orner
5771,Eva Trobisch
5772,Eva Vives
5773,Evan Goldberg; Seth Rogen
5774,Evan Katz
5775,Evan Spiridellis; Jeff Gill
5776,Everardo González
5777,Everardo Gout
5778,Evgeny Afineevsky
5779,Eylem Kaftan
5780,Ezekiel Norton
5781,Fab Five Freddie
5782,Fabien Beziat; Hugues Nancy
5783,Fabio Grassadonia; Antonio Piazza
5784,Fabio Ock; Joana Mazzucchelli
5785,Fabrice Du Welz
5786,Fabrizio Copano; Augusto Matte
5787,Fajar Bustomi
5788,Fajar Bustomi; Pidi Baiq
5789,Falz
5790,Faozan Rizal
5791,Faraday Okoro
5792,Farah Khan
5793,Farah Nabulsi
5794,Faraz Haider
5795,Farhad Safinia
5796,Farhan Akhtar
5797,Farhan Alam
5798,Faris Godus
5799,Farishad I. Latjuba
5800,Fazila Allana
5801,Federico D'Alessandro
5802,Federico Lemos
5803,Federico Veiroj
5804,Felipe Cano
5805,Felix Binder
5806,Felix Chong
5807,Felix Herngren; Måns Herngren
5808,Felix Starck
5809,Felix Thompson
5810,Felix Van Groeningen; Felix van Groeningen
5811,Fellipe Barbosa
5812,Femi D. Ogunsanwo
5813,Femi Oyeniran; Kalvadour Peterson
5814,Femi Oyeniran; Nicky Slimting Walker
5815,Feng Xiaogang
5816,Ferdinando Cito Filomarino
5817,Fermín Muguruza
5818,Fernando Ayllón
5819,Fernando Coimbra
5820,Fernando Colomo
5821,Fernando Frías de la Parra
5822,Fernando González Molina
5823,Fernando Lebrija
5824,Fernando Meirelles
5825,Fernando Meirelles; Katia Lund
5826,Fernando Moro
5827,Fernando Sariñana; José Luis Gutiérrez
5828,Feroz
5829,Ferzan Özpetek
5830,Filip Renc
5831,Filip Zylber
5832,Fisher Stevens
5833,Florent Bodin
5834,Floria Sigismondi
5835,Florian Gallenberger
5836,Florian Henckel von Donnersmarck
5837,Florian Schnell
5838,Florian Schott
5839,Floyd Russ
5840,Fluvio Iannuci; Roly Santos
5841,Fouad Al Shatti
5842,Fouad El-Mohandes
5843,Francesco Amato
5844,Francesco Carnesecchi
5845,Francesco Carrozzini
5846,Francesco Imperato
5847,Francesco Lettieri
5848,Francine Parker
5849,Francis Ford Coppola
5850,Francis Lee
5851,Francis Whately
5852,Francisco D'Eufemia
5853,Francisco Macri
5854,Franck Nataf
5855,Franck Phelizon
5856,Franck Ribière
5857,Frank Ariza
5858,Frank Capra
5859,Frank Capra; Anatole Litvak
5860,Frank Capra; John Huston; Hugh Stewart; Roy Boulting; Anthony Veiller
5861,Frank Capra; Joris Ivens
5862,Frank Coraci
5863,Frank E. Abney III
5864,Frank Marshall
5865,Frank Oz
5866,Frank Oz; Jim Henson
5867,Frank Rajah Arase
5868,Frank W Chen
5869,Frant Gwo
5870,Franziska Meyer Price
5871,Frasco Mortiz
5872,Fred Cavayé
5873,Fred Durst
5874,Fred M. Wilcox
5875,Fred Olen Ray
5876,Fred Ouro Preto
5877,Fred Wolf
5878,Frédéric Tonolli
5879,Frederick Cipoletti
5880,Fredric Lean
5881,Fredrick Munk
5882,Fritz Böhm
5883,Fritz Ofner
5884,Fumihiko Sori
5885,Funke Akindele
5886,Fuwad Khan
5887,G.J. Echternkamp
5888,Gabe Ibáñez
5889,Gabe Klinger
5890,Gabriel Clarke; Torquil Jones
5891,Gabriel Grieco
5892,Gabriela Cowperthwaite
5893,Gabriela García Rivas
5894,Gabriela Tagliavini
5895,Gabriele Muccino
5896,Gaby Dellal
5897,Gafoor Y. Elliyaas
5898,Gagan Puri
5899,Gail Willumsen
5900,Gajendra Ahire
5901,Gajendra Ahire; Viju Mane; Girish Mohite; Ravi Jadhav
5902,Ganesh Kadam
5903,Gangadhar Salimath
5904,Gareth Evans
5905,Garin Nugroho
5906,Garrett Bradley
5907,Garry Marshall
5908,Garth Davis
5909,Gary Andrews
5910,Gary Binkow
5911,Gary Cohen; Ross Hockrow
5912,Gary David Goldberg
5913,Gary Fleder
5914,Gary Howsam; Mike Smith; John Paul Tremblay; Robb Wells
5915,Gary Mak
5916,Gary Michael Schultz
5917,Gary Ross
5918,Gary Sing
5919,Gary Stretch
5920,Gary Wang
5921,Gary Wheeler
5922,Gary Winick
5923,Gary Young
5924,Gaspar Antillo
5925,Gastón Duprat
5926,Gastón Duprat; Mariano Cohn
5927,Gaurav Bavdankar
5928,Gaurav Narayanan
5929,Gauravv K Chawla
5930,Gauri Shinde
5931,Gautier & Leduc
5932,Gavin Fitzgerald
5933,Gavin O'Connor
5934,Gayane Petrosyan
5935,Geetu Mohandas
5936,Gene Quintano
5937,Genevieve Nnaji
5938,Genndy Tartakovsky
5939,Geoff Anderson
5940,Geoffrey Orthwein; Andrew Sullivan
5941,George C. Wolfe
5942,George Clooney
5943,George Cukor
5944,George Ford
5945,George Gallo
5946,George Jackson; Doug McHenry
5947,George Mendeluk
5948,George Miller
5949,George Nolfi
5950,George Ratliff
5951,George Stevens
5952,Georges Hachem
5953,Gerard Barrett
5954,Gerard McMurray
5955,Gerardo Gatica
5956,Gerardo Olivares
5957,Gerhard Mostert
5958,Gerry Blaksley
5959,Gerry Hoban
5960,Gervasio Iglesias; Alexis Morante
5961,Geun-hyun Cho
5962,Giancarlo Esposito
5963,Gianfranco Rosi
5964,Gideon Raff
5965,Gil Baroni
5966,Gil Kenan
5967,Gilbert Chan
5968,Gilles Paquet-Brenner
5969,Gillian Armstrong
5970,Gillian Robespierre
5971,Gina Prince-Bythewood
5972,Girish Joshi
5973,Girish Malik
5974,Gitanjali Rao
5975,Giulia Clark
5976,Giulio Base
5977,Glen Goei; Gavin Yap
5978,Glen Keane
5979,Glen Winter
5980,Glendyn Ivin
5981,Glenn Miller
5982,Glenn Weiss
5983,Go Koga
5984,Gonzalo Bendala
5985,Gonzalo López-Gallego
5986,Gordon Anderson
5987,Gordon Chan
5988,Gordon Parks
5989,Gore Verbinski
5990,Graham Phillips; Parker Phillips
5991,Graham Townsley
5992,Grand Corps Malade; Mehdi Idir
5993,Grant Heslov
5994,Grant Korgan; Brian Niles
5995,Grant S. Johnson; Ippsie Jones
5996,Grant Singer
5997,Grant Sputore
5998,Greg Barker
5999,Greg Berlanti
6000,Greg Coolidge
6001,Greg Kohs
6002,Greg MacGillivray
6003,Greg McLean
6004,Greg Mottola
6005,Greg Pritikin
6006,Greg Rankin; TJ Sullivan
6007,Greg Richardson
6008,Greg Tiernan
6009,Greg Whiteley
6010,Gregg Bishop
6011,Gregory Caruso
6012,Gregory Hoblit
6013,Gregory Jacobs
6014,Gregory Nava
6015,Gregory Plotkin
6016,Greta Gerwig
6017,Griffin Dunne
6018,Guilherme Fontes
6019,Guillaume Pierret
6020,Guillermo de Oliveira
6021,Guillermo del Toro
6022,Guillermo Garcia; David Cantolla
6023,Gulzar
6024,Guntur Soeharjanto
6025,Guo Jingming
6026,Gupse Özay
6027,Gurinder Chadha
6028,Gurmmeet Singh
6029,Gurudev Bhalla
6030,Gurvinder Singh
6031,Gus Van Sant
6032,Gustavo Ron
6033,Guy Ritchie
6034,Guy Vasilovich
6035,Habib Faisal
6036,Hadi El Bagoury
6037,Hadrah Daeng Ratu
6038,Haifaa Al-Mansour
6039,Haile Gerima
6040,Haissam Hussain
6041,Hajime Kamegaki
6042,Hakan Algül
6043,Hakan Yonat
6044,Halder Gomes
6045,Halitha Shameem
6046,Hallie Meyers-Shyer
6047,Hallvard Bræin
6048,Ham Tran
6049,Hamad AlSarraf
6050,Hamisha Daryani Ahuja
6051,Han Han
6052,Han Kwang Il
6053,Han Qing
6054,Han Yan
6055,Handan İpekçi
6056,Hang-Jun Jang
6057,Hani Al-Shaibani
6058,Hani Hamdi
6059,Hannah Fidell
6060,Hannes Stöhr
6061,Hanno Olderdissen
6062,Hanns-Bruno Kammertöns; Vanessa Nöcker; Michael Wech
6063,Hans Petter Moland
6064,Hanung Bramantyo
6065,Hanung Bramantyo; Meisa Felaroze
6066,Hanung Bramantyo; Pandu Adjisurya
6067,Hao Wu
6068,Harald Zwart
6069,Hardik Mehta
6070,Hari Nath
6071,Hari Viswanath
6072,Harjit Singh
6073,Hark Tsui
6074,Harmony Korine
6075,Harold Becker
6076,Harold Cronk
6077,Harrison Smith
6078,Harry Baweja
6079,Harry Bradbeer
6080,Harry Chaskin
6081,Harry Elfont; Deborah Kaplan
6082,Harshavardhan Kulkarni
6083,Haruka Fujita
6084,Harvey Glazer; Stuart Stone
6085,Harvey Lilley
6086,Harvey Lowry
6087,Hasan Karacadağ
6088,Hashim Nadeem Khan
6089,Hasraf Dulull
6090,Hassan AbdulSalam
6091,Hassan Hegazy; Shady Ali
6092,Hatem Khraiche
6093,Hayao Miyazaki
6094,Hayato Date
6095,Hayden Guppy
6096,He Xiaofeng
6097,Heber Cannon
6098,Heber Cannon; Mariah Moore; Marston Sawyers
6099,Hèctor Hernández Vicens
6100,Heidi Brandenburg; Mathew Orzel
6101,Heidi Ewing; Rachel Grady
6102,Heidi Saman
6103,Heitor Dhalia
6104,Helena Bergström
6105,Helena Coan
6106,Hemambar Jasti
6107,Hemant Gaba; Pratim D. Gupta; Sudhish Kamath; Nalan Kumarasamy; Anu Menon; Sandeep Mohan; Qaushiq Mukherjee; Rajshree Ojha; Raja Sen; Abhinav Shiv Tiwari; Suparn Verma
6108,Henri Wong
6109,Henrik Martin Dahlsbakken
6110,Henrik Ruben Genz
6111,Henry Hathaway
6112,Henry Joost; Ariel Schulman
6113,Henry Sarwer-Foner
6114,Henry Selick
6115,Hepi Mita
6116,Herman Yau
6117,Hernán Guerschuny
6118,Hernán Zin
6119,Hideaki Anno
6120,Hideaki Anno; Kazuya Tsurumaki
6121,Hideaki Takizawa
6122,Hidenori Inoue
6123,Hidetaka Inazuka
6124,Hikari
6125,Hiromasa Yonebayashi
6126,Hiromasa Yonebayashi; Yoshiyuki Momose; Akihiko Yamashita
6127,Hiroshi Aoyama; Kazumi Fukushima; Jim Stenstrum
6128,Hiroshi Katagiri
6129,Hirotsugu Kawasaki
6130,Hiroyuki Seshita
6131,Hitoshi Namba
6132,Holger Tappe
6133,Honey Trehan
6134,Hong Khaou
6135,Hong Won-ki
6136,Hong-seon Kim
6137,Houda Benyamina
6138,Houssam El-Din Mustafa
6139,Howard Zieff
6140,Hoyt Yeatman
6141,Hrishikesh Mukherjee
6142,Hsu Chih-yen; Mag Hsu
6143,Hsu Fu-chun
6144,Hua Shan
6145,Huang Hsin-Yao
6146,Huang Jianming
6147,Huang Lei
6148,Hubert Woroniecki
6149,Hugh WIlson
6150,Hugo Stuven
6151,Hugues Nancy; Fabien Beziat
6152,Husam El-Gohari
6153,Hussein El Ansary
6154,Hussein Kamal
6155,Huw Cordey
6156,Iain Softley
6157,Ian Barber
6158,Ian Cheney
6159,Ian Cheney; Sharon Shattuck
6160,Ian Edelman
6161,Ian Kirby
6162,Ian MacAllister-McDonald
6163,Ian MacNaughton
6164,Ian Samuels
6165,Ibai Abad
6166,Ibrahim Bin Mohamed; Hasan Aljaberi
6167,Icíar Bollaín
6168,Ifa Isfansyah
6169,Ifeanyi Ikpoenyi
6170,Iginio Straffi
6171,Ignacio López Escrivá
6172,Igor Kovalyov; Norton Virgien
6173,Ildiko Enyedi
6174,Ilya Naishuller
6175,Iman Brotoseno
6176,Imtiaz Ali
6177,Iñaki Dorronsoro
6178,Inas El-Degheidy
6179,Indra Kumar
6180,Indrajit Nattoji
6181,Indrasis Acharya
6182,Inma Torrente
6183,Ira Sachs
6184,Irek Dobrowolski
6185,Irwin Winkler
6186,Isaac Ezban
6187,Isaac Florentine
6188,Isaac Rentz
6189,Isabel Coixet
6190,Isabel Sandoval
6191,Isabelle Nanty
6192,Isaki Lacuesta; Isa Campo
6193,Isao Yukisada
6194,Ishaan Trivedi
6195,Ishaya Bako
6196,Ishi Rudell
6197,Ishi Rudell; Jayson Thiessen
6198,Ismail Farouk
6199,Ismail Farouk; Hazem Fouda
6200,Ísold Uggadóttir
6201,Israel Adrián Caetano
6202,Israel Adrián Caetano; Bruno Stagnaro
6203,Ivan Andrew Payawal
6204,Ivan Ayr
6205,Ivan Reitman
6206,Ivan Sen
6207,Ivan Silvestrini
6208,Ivona Juka
6209,Izidore K. Musallam
6210,Izu Ojukwu
6211,J Blakeson
6212,J. Davis
6213,J. Lee Thompson
6214,J. Michael Long
6215,J.A. Bayona
6216,J.C. Chandor
6217,J.C. Falcón
6218,J.D. Dillard
6219,J.F. Musial; Josh Vietze
6220,J.J. Abrams
6221,J.M. Berrios
6222,Jacek Koprowicz
6223,Jack C. Newell
6224,Jack Starrett
6225,Jack Zagha Kababie
6226,Jackie van Beek; Madeleine Sami
6227,Jacob Joice
6228,Jacob Joice; Steve Ball
6229,Jacob Kornbluth
6230,Jacob LaMendola
6231,Jacob Schwab
6232,Jacques Perrin; Jacques Cluzaud
6233,Jadesola Osiberu
6234,Jagdeep Sidhu
6235,Jaivi Dhanda
6236,Jake Szymanski
6237,Jaki Bradley
6238,Jakob Lass
6239,Jakob Verbruggen
6240,Jakub Piątek
6241,Jalil Lespert
6242,Jamal Hill
6243,Jameel Buari
6244,James Bamford
6245,James Barr
6246,James Bobin
6247,James Brown
6248,James D. Stern; Fernando Villena
6249,James Dearden
6250,James Foley
6251,James Franco
6252,James Haslam
6253,James Hawes
6254,James Ivory
6255,James L. Brooks
6256,James Lee
6257,James Mangold
6258,James Marsh
6259,James Mather; Steve Saint Leger
6260,James McTeigue
6261,James Moll
6262,James Ponsoldt
6263,James Redford
6264,James Sweeney
6265,James Toback
6266,James Tovell
6267,James Wan
6268,James Watkins
6269,James Wong
6270,James Woodroffe
6271,James Yukich
6272,Jami
6273,Jamie Babbit
6274,Jamie M. Dagg
6275,Jan Belcl
6276,Jan Holoubek
6277,Jan Komasa
6278,Jan Suter
6279,Jan Suter; Raúl Campos
6280,Jan Suter; Raúl Campos Delgado
6281,Jane Campion
6282,Janet Tobias; Claus Wehlisch
6283,Jang Jae-hyun
6284,Jani Lachauer; Jakob Schuh
6285,Jan-Peter Horns
6286,Janusz Majewski
6287,Jarand Herdal
6288,Jared Hess
6289,Jared Hess; Tyler Measom
6290,Jared Moshé
6291,Jared Stern
6292,Jarrad Paul; Andrew Mogel
6293,Jasbir Bijendra Bhati
6294,Jasmine D'Souza
6295,Jason Bourque
6296,Jason Cohen
6297,Jason Hehir
6298,Jason James
6299,Jason Krawczyk
6300,Jason Lai
6301,Jason Moore
6302,Jason Orley
6303,Jason Paul Laxamana
6304,Jason Priestley
6305,Jason Reitman
6306,Jason Spingarn-Koff
6307,Jason Stone
6308,Jason Sussberg; David Alvarado
6309,Jason Winer
6310,Jason Zada
6311,Jastis Arimba
6312,Jatla Siddartha
6313,Jaume Balagueró
6314,Jaume Collet-Serra
6315,Javier Ambrossi; Javier Calvo
6316,Javier Colinas
6317,Javier Ruiz Caldera
6318,Jay Baruchel
6319,Jay Bulger
6320,Jay Chandrasekhar
6321,Jay Chapman
6322,Jay Chou
6323,Jay Grace
6324,Jay Karas
6325,Jay Karas; Demetri Martin
6326,Jay Lyons
6327,Jay Oliva
6328,Jay Roach
6329,Jay Russell
6330,Jay Surridge
6331,Jayan Moodley
6332,Jayan Vannery
6333,Jayaprakash Radhakrishnan
6334,Jayaraj Rajasekharan Nair
6335,Jayme Monjardim
6336,Jayson Thiessen; Ishi Rudell
6337,Jazz Boon
6338,Jean-Bernard Marlin
6339,Jean-Claude Flamand-Barny
6340,Jean-Claude La Marre
6341,Jean-François Blais
6342,Jean-François Richet
6343,Jean-Loup Felicioli; Alain Gagnol
6344,Jean-Marc Vallée
6345,Jeannie Gaffigan
6346,Jeannot Szwarc
6347,Jean-Patrick Benes
6348,Jean-Pierre Dardenne; Luc Dardenne
6349,Jean-Pierre Devillers
6350,Jean-Simon Chartier
6351,Jedd Wider; Todd Wider
6352,Jeethu Joseph
6353,Jeeva
6354,Jee-woon Kim
6355,Jeferson De
6356,Jeff Baena
6357,Jeff Chan
6358,Jeff Deverett
6359,Jeff Garlin
6360,Jeff Margolis
6361,Jeff Nichols
6362,Jeff Orlowski
6363,Jeff Stilson
6364,Jeff Tomsic
6365,Jeff Tremaine
6366,Jeff Wadlow
6367,Jeffrey C. Bell
6368,Jeffrey G. Hunt
6369,Jeffrey Nachmanoff
6370,Jeffrey Schwarz
6371,Jeffrey W. Byrd
6372,Jeffrey Walker
6373,Jehane Noujaim
6374,Jelle de Jonge
6375,Jen McGowan
6376,Jenée LaMarque
6377,Jenna Laurenzo
6378,Jennie Livingston
6379,Jennifer Baichwal; Nicholas de Pencier
6380,Jennifer Beamish; Toby Trackman
6381,Jennifer Brea
6382,Jennifer Kaytin Robinson
6383,Jennifer Lynch
6384,Jennifer M. Kroot
6385,Jennifer Morrison
6386,Jennifer Peedom
6387,Jennifer Phang
6388,Jennifer Siebel Newsom
6389,Jennifer Westcott
6390,Jennifer Yuh Nelson
6391,Jenny Carchman
6392,Jenny Gage
6393,Jenny Popplewell
6394,Jeo Baby
6395,Jeremiah Jones
6396,Jeremiah Zagar
6397,Jérémie Degruson; Ben Stassen
6398,Jérémy Clapin
6399,Jeremy Coon; Tim Skousen
6400,Jeremy Grant
6401,Jeremy Kenyon Lockyer Corbell
6402,Jeremy Rush
6403,Jeremy Saulnier
6404,Jericca Cleland; Kevin Munroe
6405,Jerrold Tarog
6406,Jerry G. Angelo
6407,Jerry Rothwell
6408,Jerry Rothwell; Reuben Atlas
6409,Jerry Seinfeld
6410,Jesse Adang; Syrine Boulanouar
6411,Jesse Gustafson
6412,Jesse Handsher; Olivier Roland
6413,Jesse Moss
6414,Jesse Peretz
6415,Jesse V. Johnson
6416,Jesse V. Johnson; Jesse Johnson
6417,Jesse Warn
6418,Jessica Yu
6419,Jessie Nelson
6420,Jesús Magaña Vázquez
6421,Jesús Torres Torres
6422,Jevons Au; Zune Kwok; Chow Kwun-wai; Ng Ka-Leung; Wong Fei-Pang
6423,Jijo Pancode
6424,Jill Bauer; Ronna Gradus
6425,Jill Bauer; Ronna Gradus; Rashida Jones
6426,Jim Fall
6427,Jim Field Smith
6428,Jim Henson
6429,Jim Hosking
6430,Jim Mickle
6431,Jim Monaco
6432,Jim Strouse
6433,Jimmy Henderson
6434,Jitender Pawar
6435,Jitendra Tiwari; Pranav Singh
6436,JJC Skillz; Funke Akindele
6437,Jo Sung-hee
6438,Joachim Fest; Christian Herrendoerfer
6439,Joachim Rønning; Espen Sandberg
6440,Joanna Lombardi; Bruno Ascenzo
6441,Joaquín Mazón
6442,Jocelyn Moorhouse
6443,Jody Hill
6444,Jody Lambert
6445,Joe Alves
6446,Joe Berlinger
6447,Joe Berlinger; Bruce Sinofsky
6448,Joe Boyd
6449,Joe Camp
6450,Joe Dante
6451,Joe DeMaio
6452,Joe Dietsch; Louie Gibson
6453,Joe Lynch
6454,Joe Mantello
6455,Joe Menendez
6456,Joe Miale
6457,Joe Murray; Cosmo Segurson
6458,Joe Nussbaum
6459,Joe Penna
6460,Joe Piscatella
6461,Joe Robert Cole
6462,Joe Roth
6463,Joe Swanberg
6464,Joe Wright
6465,Joel Coen; Ethan Coen
6466,Joel Crawford
6467,Joel Gallen
6468,Joel Gallen; Tig Notaro
6469,Joel Hopkins
6470,Joel Oliansky
6471,Joel Schumacher
6472,Joey Curtis
6473,Joey Kern
6474,Joey So
6475,Johan Brisinger
6476,Johane Matte; Andrew L. Schmidt; Francisco Ruiz Velasco
6477,Johanna Demetrakas
6478,Johannes Roberts
6479,John A. Davis
6480,John Asher
6481,John Banas
6482,John Barnard
6483,John Bridcut
6484,John Butler
6485,John Carchietta
6486,John Crowley
6487,John Curran
6488,John Dahl
6489,John Dower
6490,John Duigan
6491,John Edginton
6492,John Erick Dowdle
6493,John Ford
6494,John Fortenberry
6495,John G. Avildsen
6496,John H. Lee
6497,John Haptas; Kristine Samuelson
6498,John Herzfeld
6499,John Hillcoat
6500,John Hoffman; Nanfu Wang
6501,John Hughes
6502,John Huston
6503,John Irvin
6504,John L. Spencer
6505,John Lee
6506,John Lee Hancock
6507,John Luessenhop
6508,John Lyde
6509,John Maclean
6510,John Madden
6511,John Michael McDonagh
6512,John Mikulak; Joshua Brown
6513,John Milius
6514,John Mitchell; Jeremy Kipp Walker
6515,John Murlowski
6516,John Papola
6517,John Patrick Shanley
6518,John Putch
6519,John R. Leonetti
6520,John Ridley
6521,John Scheinfeld
6522,John Schultz
6523,John Smithson
6524,John Stephenson
6525,John Stevenson; Mark Osborne
6526,John Stewart Muller
6527,John Stockwell
6528,John Suits
6529,John Trengove
6530,John Upchurch
6531,John Wells
6532,John Whitesell
6533,John Woo
6534,Johnnie To
6535,Johnny Breedt
6536,Johnny Kevorkian
6537,Johnny Martin
6538,Johnny To
6539,Johnson Esthappan
6540,Jon Alpert
6541,Jon Avnet
6542,Jon Carey; Adam Darke
6543,Jon Favreau
6544,Jon Greenhalgh
6545,Jon Gunn
6546,Jon Hurwitz; Hayden Schlossberg
6547,Jon Izen
6548,Jon J. Whelan
6549,Jon Lucas; Scott Moore
6550,Jon M. Chu
6551,Jon Manning
6552,Jon Reiner; Brad Rothschild
6553,Jon Rosenbaum
6554,Jon Schnitzer
6555,Jon Spira
6556,Jon Turteltaub
6557,Jon Watts
6558,Jonás Trueba
6559,Jonathan A. Rosenbaum
6560,Jonathan Augustin
6561,Jonathan Baker
6562,Jonathan Clay
6563,Jonathan Demme
6564,Jonathan Glazer
6565,Jonathan Helpert
6566,Jonathan Hensleigh
6567,Jonathan Ignatius Green
6568,Jonathan Levine
6569,Jonathan Liebesman
6570,Jonathan Lynn
6571,Jonathan Mostow
6572,Jonathan Sobol
6573,Jonathan Taylor
6574,Jonathan Teplitzky
6575,Jonathon Link
6576,Joram Lürsen
6577,Jordan Brady
6578,Jordan Ross
6579,Jordana Spiro
6580,Jordi Llompart
6581,Jorge Blanco
6582,Jorge Granier
6583,Jorge Hernandez Aldana
6584,Jorge M. Fontana
6585,Jorge Michel Grau
6586,Jos Humphrey
6587,José Eduardo Belmonte
6588,Jose Gomez
6589,Jose Javier Reyes
6590,José Larraza; Marc Pons
6591,Jose Manuel Colón
6592,José Miguel Contreras
6593,Joseduardo Giordano; Sergio Goyri Jr.
6594,Josef Fares
6595,Joseph Cross
6596,Joseph Hsu
6597,Joseph Mbah
6598,Joseph Ruben
6599,Joseph Sargent
6600,Josh Aronson
6601,Josh Greenbaum
6602,Josh Izenberg; Wynn Padula
6603,Josh Mendoza
6604,Josh Safdie; Benny Safdie
6605,Josh Wakely
6606,Josh Webber
6607,Josh Z. Weinstein; Joshua Z. Weinstein
6608,Joshua Caldwell
6609,Joshua Marston
6610,Joshua Oppenheimer
6611,Joshua Rofé
6612,Joshua Tickell; Rebecca Harrell Tickell
6613,Joshua Zeman
6614,Josiah Ng
6615,Jota Linares
6616,Jovanka Vuckovic; Annie Clark; Roxanne Benjamin; Karyn Kusama
6617,Joyce Bernal
6618,JP Habac
6619,Juan Antin
6620,Juan Antonio de la Riva
6621,Juan Camilo Pinzon
6622,Juan Carlos Medina
6623,Juan Carlos Rulfo
6624,Juan José Campanella
6625,Juan Manuel Cotelo
6626,Juan Pablo Buscarini
6627,Juan Zapata
6628,Juani Libonatti
6629,Judah Friedlander
6630,Jude Okwudiafor Johnson
6631,Jude Weng
6632,Julia Hart
6633,Julia Knowles
6634,Julia von Heinz
6635,Julia Willoughby Nason; Jenner Furst
6636,Julián Gaviria
6637,Julián Hernández
6638,Julian Jarrold
6639,Julian Schnabel
6640,Juliana Vicente
6641,Julie Dash
6642,Julie Taymor
6643,Julien Abraham
6644,Julien Christian Lutz
6645,Julien Leclercq
6646,Julien Rambaldi
6647,Julien Royal
6648,Julien Seri
6649,Juliet May
6650,Julio Fernández Talamantes
6651,Julio Medem
6652,Julio Quintana
6653,Julius Avery
6654,Julius Onah
6655,Julius R. Nasso
6656,July Hygreck
6657,Jumpei Mizusaki; Koji Morimoto; Michael Arias; Masaru Matsumoto; Arthell Isom; Henry Thurlow; Takanobu Mizuno; Elsa Nakamichi; Hajime Sasaki; Shinji Takagi
6658,Jun Lana
6659,Jung Ji-woo
6660,Jung-ah Im
6661,Jung-ah Im; Seung-uk Jo
6662,Jung-woo Park
6663,Junichi Sato; Tomotaka Shibayama
6664,Junior Carelli; Rudge Campos
6665,Jun-seong Kim
6666,Juraj Šajmovič
6667,Just Philippot
6668,Justin Baldoni
6669,Justin Bare; Matthew Miele
6670,Justin Benson; Aaron Moorhead
6671,Justin Chadwick
6672,Justin Chon
6673,Justin G. Dyck
6674,Justin Kelly
6675,Justin Krook
6676,Justin Lee
6677,Justin McConnell
6678,Justin P. Lange
6679,Justin Pemberton
6680,Justin Webster
6681,K. Gopinathan
6682,K. Rajagopal
6683,K. Ramanlal
6684,K. Subhash
6685,K.C. Bokadia
6686,K.S. Ravikumar
6687,Kaashvie Nair
6688,Kabir Bhatia
6689,Kabir Khan
6690,Kabir Sadanand
6691,Kader Aoun
6692,Kagiso Lediga
6693,Kaila York
6694,Kaizad Gustad
6695,Kamal Sahani
6696,Kang Cheng; Shan Hua
6697,Kanika Batra
6698,Kanwal Sethi
6699,Karan Anshuman
6700,Karan Bali
6701,Karan Johar
6702,Karan Lalit Butani
6703,Karan Malhotra
6704,Karan Shivajirao Chavan; Vikram Tanajirao Patil
6705,Karen J. Lloyd
6706,Karen Maine
6707,Karen Moncrieff
6708,Karey Kirkpatrick
6709,Karim Amer; Jehane Noujaim
6710,Karim El Shenawy
6711,Karim El Sobky
6712,Karl Mueller
6713,Karthik Subbaraj
6714,Karyn Kusama
6715,Kasia Uscinska
6716,Kaspar Astrup Schröder
6717,Kasper Barfoed
6718,Kasper Collin
6719,Kasra Farahani
6720,Katarina Launing
6721,Kate Horne
6722,Kate Melville
6723,Kate Mulleavy; Laura Mulleavy
6724,Katherine Brooks
6725,Katherine Dieckmann
6726,Katherine Fairfax Wright
6727,Kathryn Bigelow
6728,Kathryn Fasegha
6729,Katleho Ramaphakela; Rethabile Ramaphakela
6730,Katy Chevigny; Ross Kauffman
6731,Kavi Raz
6732,Kayode Kasum
6733,Kazuaki Kiriya
6734,Kazuchika Kise
6735,Kazuchika Kise; Masahiko Murata
6736,Kazuya Murata
6737,Keanu Reeves
6738,Kedar Shinde
6739,Keenen Ivory Wayans
6740,Keerthi
6741,Kees Van Oostrum
6742,Keiichi Hara
6743,Keiichi Sato; Yasushi Kawamura
6744,Keiko Yagi
6745,Keishi Otomo
6746,Keith Fulton; Louis Pepe
6747,Keith L. Smith
6748,Keith Malloy
6749,Keith Scholey
6750,Kelly Duane de la Vega
6751,Kelly Fremon Craig
6752,Kelly Noonan
6753,Kelly Reichardt
6754,Kemi Adetiba
6755,Ken Barbet
6756,Ken Burns
6757,Ken Burns; Artemis Joukowsky
6758,Ken Burns; Christopher Loren Ewers; Erik Ewers
6759,Ken Burns; Lynn Novick
6760,Ken Ghosh
6761,Ken Hughes
6762,Ken Kushner
6763,Ken Kwapis
6764,Ken Loach
6765,Ken Marino
6766,Kenneth Gyang
6767,Kenneth Müller
6768,Kenny Leon
6769,Kenny Ortega
6770,Kenny Young
6771,Kenzo Maihara; Amandha Wyanto
6772,Keoni Waxman
6773,Kepa Sojo
6774,Ketan Mehta
6775,Ketche
6776,Kevan Peterson
6777,Kevin Booth; David Johndrow
6778,Kevin Bray
6779,Kevin Costner
6780,Kevin Derek
6781,Kevin Donovan
6782,Kevin Ford; Smriti Keshari; Eric Schlosser
6783,Kevin Hooks
6784,Kevin Johnson
6785,Kevin Ko; Peter Tsi
6786,Kevin Layne
6787,Kevin MacDonald
6788,Kevin McManus; Matthew McManus
6789,Kevin Munroe
6790,Kevin Peeples
6791,Kevin Phillips
6792,Kevin Pollak
6793,Kevin R. Adams; Joe Ksander
6794,Kevin Reynolds
6795,Kevin Smith
6796,Khaled El Halafawy
6797,Khaled Marei
6798,Khaled Youssef
6799,Khalid Mohamed
6800,Khalid Rahman
6801,Kheiron
6802,Kief Davidson
6803,Kief Davidson; Pedro Kos
6804,Kief Davidson; Richard Ladkani
6805,Kieran Darcy-Smith
6806,Kike Maíllo
6807,Kiki Goshay; Jacqueline Monetta
6808,Kiko Cruz Claverol; Patricia Font
6809,Kim A. Snyder
6810,Kim Dong-kyu
6811,Kim Jee-woon
6812,Kim Joo-hyung
6813,Kim Nguyen
6814,Kim Seong-hun
6815,Kim Sung-hoon
6816,Kim Tae-hyung
6817,Kimmy Gatewood
6818,Kingsley Ogoro
6819,Kinka Usher
6820,Kip Andersen; Keegan Kuhn
6821,Kiran Narayanan
6822,Kiran Rao
6823,Kirati Nakintanon
6824,Kirby Dick
6825,Kireet Khurana; Padmakumar Narasimhamurthy
6826,Kirk De Micco; Chris Sanders
6827,Kirk DeMicco; Brandon Jeffords
6828,Kirk Wise
6829,Kirsten Johnson
6830,Kitaro Kosaka
6831,Kittiphak Thonguam
6832,Kitty Green
6833,Kıvanç Baruönü
6834,Kobun Shizuno; Hiroyuki Seshita
6835,Kongkiat Khomsiri
6836,Kongkiat Komesiri
6837,Kornél Mundruczó
6838,Kranthi Madhav
6839,Kranti Kanade
6840,Kranti Redkar
6841,Kris Pearn
6842,Krish
6843,Krishna Agazzi; Filippo Gastaldi
6844,Krishna Vamshi
6845,Kristian Levring
6846,Kristian Mercado
6847,Kristin Hanggi
6848,Kristina Goolsby; Ashley York
6849,Kristine Stolakis
6850,Krysia Plonka
6851,Krzysztof Zanussi
6852,Ksshitij Chaudhary
6853,Kubhaer T. Jethwani
6854,Kumaran
6855,Kunal Deshmukh
6856,Kunal Kohli
6857,Kundan Shah
6858,Kunihiko Yuyama
6859,Kunihiko Yuyama; Motonori Sakakibara
6860,Kunle Afolayan
6861,Kuntz Agus
6862,Kurt Voelker
6863,Kurt Wimmer
6864,Kushal Srivastava
6865,KVR Mahendra
6866,Kwabena Gyansah
6867,Kyle Newacheck
6868,Kyle Newman
6869,Kyle Patrick Alvarez
6870,Kyle Rankin
6871,Kyle Rideout
6872,Kyohei Ishiguro
6873,Kyoko Miyake
6874,Kyran Kelly
6875,Kyzza Terrazas
6876,L. Frazier
6877,Ladislaus Kiraly
6878,Lai Chun-yu
6879,Lana Wachowski; Lilly Wachowski
6880,Lana Wilson
6881,Lance Bangs
6882,Lance Daly
6883,Lance Hool
6884,Lance Young
6885,Lara Saba
6886,Larry Elikann
6887,Larry Latham
6888,Lars Büchel
6889,Lars Kaalund
6890,Lars Klevberg
6891,Lars von Trier
6892,Lasja Fauzia Susatyo
6893,Lasse Hallström
6894,Lasse Hallström; Joe Johnston
6895,Latif Faiziyev; Umesh Mehra
6896,Laura Alvea; José Ortuño
6897,Laura Brownson
6898,Laura Fairrie
6899,Laura Mañá
6900,Laura Terruso
6901,Laura VanZee Taylor
6902,Lauren Miller Rogen
6903,Laurent Bouzereau
6904,Laurent Cantet
6905,Law Wing-cheong
6906,Lawrence Cheng
6907,Lawrence Kasdan
6908,Laxman Utekar
6909,Le Van Kiet
6910,Leandro Mark; Nicolás Silbert
6911,Leandro Neri
6912,Leanne Gater
6913,Lee Chang-dong
6914,Lee Chung-hyun
6915,Lee Daniels
6916,Lee Eung-bok
6917,Lee Fulkerson
6918,Lee Hirsch
6919,Lee Jeong-beom
6920,Lee Kae-byeok
6921,Lee Kirk
6922,Lee Kyoungmi; Yim Pilsung; Jeon Go-woon; Kim Jong-kwan
6923,Lee Seung-won
6924,Lee Tamahori
6925,Lee Toland Krieger
6926,Lee Yoon-jung
6927,Leena Yadav
6928,Leif Tilden
6929,Leigh Janiak
6930,Leïla Sy; Kery James
6931,Lekh Tandon
6932,Leli Maki
6933,Len Wiseman
6934,Lena Khan
6935,Lenin Bharathi
6936,Lennart Ruff
6937,Lenny Abrahamson
6938,Leo Riley
6939,Leo Riley; Eric Radomski
6940,Leopoldo Aguilar
6941,Les Mayfield
6942,Lesli Linka Glatter
6943,Leslie Iwerks
6944,Leslie Small
6945,Leslie Small; Tim Story
6946,Leslye Davis; Catrin Einhorn
6947,Leslye Headland
6948,Lester Hsi
6949,Leticia Jorge Romero
6950,Letizia Lamartire
6951,Leung Lok Man; Luk Kim-ching
6952,Lev L. Spiro
6953,Levan Gabriadze
6954,Levan Tsikurishvili
6955,Lewis Milestone
6956,Lewis Milestone; Carol Reed
6957,Li Jun
6958,Li Pei-Chuan
6959,Li Weiran
6960,Liam Lynch
6961,Liam O'Donnell
6962,Liao Shih-han
6963,Lijo Jose Pellissery
6964,Lilibet Foster
6965,Lilly Wachowski; Lana Wachowski
6966,Lilly Wachowski; Lana Wachowski; Tom Tykwer
6967,Limbert Fabian; Brandon Oldenburg
6968,Lin Oeding
6969,Lina Al Abed
6970,Linas Phillips
6971,Linda Korsten
6972,Linda Mendoza
6973,Linda Otto
6974,Linda Saffire; Adam Schlesinger
6975,Lindsey Cordero; Armando Croda
6976,Lionel C. Martin
6977,Lisa Arnold
6978,Lisa Cortés; Farah X
6979,Liu Jiang
6980,Liu Jie
6981,Liu Kuang-hui
6982,Liv Ullmann
6983,Liz Garbus
6984,Liz Plonka
6985,Llewellyn M. Smith
6986,Lluís Quílez
6987,Lô Politi
6988,Logan Kibens
6989,Lone Scherfig
6990,Lonny Price
6991,Lonzo Nzekwe
6992,Lorena Munoz
6993,Lorene Machado
6994,Lorene Scafaria
6995,Lori Kaye
6996,Louie Psihoyos
6997,Louie Schwartzberg
6998,Louis C.K.
6999,Louis J. Horvitz
7000,Louis Leterrier
7001,Louise Alston
7002,Louise Wardle
7003,LP
7004,Lu Yang
7005,Luc Vinciguerra
7006,Luca Vullo
7007,Lucas Figueroa
7008,Lucas Margutti
7009,Lucas Santa Ana
7010,Lucien Bourjeily
7011,Lucien Jean-Baptiste
7012,Lucky Kuswandi
7013,Lucy Cohen
7014,Lucy van Beek
7015,Ludovic Bernard
7016,Ludovico Di Martino
7017,Luis Alberto Restrepo; Andrés Beltrán; Jaime Rayo
7018,Luis Alejandro Pérez
7019,Luis Alfaro; Javier Gómez Santander
7020,Luis Ara
7021,Luis Ara; Ignacio Jaunsolo
7022,Luis Estrada
7023,Luis Javier Henaine
7024,Luis Javier M. Henaine
7025,Luis Lopez
7026,Luis Lopez; Clay Tweel
7027,Luis Mandoki
7028,Luis Prieto
7029,Luis Valdez
7030,Lukas Dhont
7031,Lukasz Kosmicki
7032,Luke Holland
7033,Luke Jurevicius
7034,Luke Snellin
7035,Luke Sparke
7036,Luv Ranjan
7037,Lydia Dean Pilcher; Ginny Mohler
7038,Lydia Tenaglia
7039,Lygia Barbosa da Silva; Eliane Brum
7040,Lynn Novick
7041,Lynn Shelton
7042,Lyric R. Cabral; David Felix Sutcliffe
7043,M. Night Shyamalan
7044,M.J. Bassett
7045,M.J. Isakson
7046,Maciej Dejczer
7047,Macon Blair
7048,Madeleine Gavin
7049,Madeleine Parry
7050,Madeleine Parry; Jon Olb
7051,Madhumita
7052,Madhur Bhandarkar
7053,Madonna
7054,Madonne Ashwin
7055,Mads Matthiesen
7056,Mae Czarina Cruz
7057,Mag Hsu; Hsu Chih-yen
7058,Magdy Al-Hawwary
7059,Magnus Martens
7060,Maha Venkatesh
7061,Mahesh Bhatt
7062,Mahesh Manjrekar
7063,Mahin Ibrahim; Austin Kolodney; Will Lowell; David Beier; Dave Dorsey; Xu Zhang; Alana Waksman; Jon YonKondy; Drue Metz; Brandon Somerhalder
7064,Mahmood Ali-Balogun
7065,Mahmoud al Massad
7066,Mahmoud Karim
7067,Mahmoud Sabbagh
7068,Mahsun Kırmızıgül
7069,Maïa Sandoz
7070,Maïmouna Doucouré
7071,Maite Ruiz De Austri
7072,Maïwenn
7073,Majid Majidi
7074,Makarand Mane
7075,Makoto Shinkai
7076,Malcolm D. Lee
7077,Malik Bendjelloul
7078,Malik Nejer
7079,Malik Vitthal
7080,Mamat Khalid
7081,Mamoru Hosoda
7082,Mana Yasuda
7083,Manatsanun Phanlerdwongsakul
7084,Manav Shah
7085,Manbhavan Singh
7086,Mandeep Kumar
7087,Mandie Fletcher
7088,Mandla Dube
7089,Mangesh Hadawale
7090,Mangesh Kanthale
7091,Mani Ratnam
7092,Manika Sharma
7093,Manish Gupta
7094,Manish Jha
7095,Manish Saini
7096,Manish Tiwary
7097,Manjari Makijany
7098,Manjeet Maan
7099,Manjeet Singh
7100,Manmohan Desai
7101,Manny Rodriguez
7102,Manny Rodriguez; Jay Lavender
7103,Manoj Beedha
7104,Manolo Caro
7105,Manop Janjarasskul
7106,Måns Mårlind; Björn Stein
7107,Mansore
7108,Manu Ashokan
7109,Manuel Alcalá
7110,Manuel Martín Cuenca
7111,Mar Targarona
7112,Marc Abraham
7113,Marc Forster
7114,Marc Fouchard
7115,Marc Francis; Max Pugh
7116,Marc Levin
7117,Marc Meyers
7118,Marc Vigil
7119,Marcel Barrena
7120,Marcelo Altmark; Mariano Mucci; Luis A. Scalella
7121,Marcelo Galvão
7122,Marcelo González
7123,Marcelo Piñeyro
7124,Marco Bonfanti
7125,Marco Deufemia; Justin G. Dyck
7126,Marco Dutra
7127,Marco Petry
7128,Marco Pontecorvo
7129,Marco Risi
7130,Marco Schnabel
7131,Marcos Bucay
7132,Marcos Carnevale
7133,Marcus Clarke
7134,Marcus Nispel
7135,Marcus Raboy
7136,Marek Kanievska
7137,Marek Losey
7138,Marek Piwowski
7139,Maria Burton
7140,Maria Demeshkina Peek
7141,María Jose Cuevas
7142,Maria Pulera
7143,Maria Ripoll
7144,Maria Sadowska
7145,Mariana Tschudi; Héctor Gálvez
7146,Marianna Palka
7147,Mariano Baez
7148,Mariano Barroso
7149,Mariano Cohn; Gastón Duprat
7150,Maribel Sánchez-Maroto
7151,Marie Clements
7152,Marie Madinier
7153,Marina Seresesky
7154,Marina Willer
7155,Marina Zenovich
7156,Mario Briongos
7157,Mario Cambi
7158,Mario Mattei
7159,Mario Rouleau
7160,Mario Van Peebles
7161,Maris Curran
7162,Marita Grabiak
7163,Marja Lewis Ryan
7164,Mark A.Z. Dippé
7165,Mark A.Z. Dippé; Eondeok Han
7166,Mark A.Z. Dippé; Kyung Ho Lee
7167,Mark Columbus; Lauren Hoekstra; Sarah Kruchowski; Ryan Moody; Simon Savelyev; Vanita Shastry; Shadae Lamar Smith; Jeremy David White
7168,Mark Craig
7169,Mark Dennis; Ben Foster
7170,Mark Dindal
7171,Mark Franchetti; Andrew Meier
7172,Mark Harris
7173,Mark Helenowski; Kevin Pang
7174,Mark Helfrich
7175,Mark Herman
7176,Mark Landre Gould
7177,Mark Lewis
7178,Mark Lo
7179,Mark McQueen
7180,Mark Murphy
7181,Mark Neveldine
7182,Mark O'Connor
7183,Mark Osborne
7184,Mark Palansky
7185,Mark Raso
7186,Mark Risley
7187,Mark Ritchie
7188,Mark Rosman
7189,Mark Sloper
7190,Mark Steven Johnson
7191,Mark Thornton; Todd Kauffman
7192,Mark Tonderai
7193,Mark Waters
7194,Mark Williams
7195,Mark Zwonitzer
7196,Marla M. Ancheta
7197,Marlene Melchior
7198,Maroun Baghdadi
7199,Marta Jaenes; Rosa Márquez
7200,Martha Coolidge
7201,Marti Noxon
7202,Martin Brest
7203,Martin Campbell
7204,Martin Gorst
7205,Martin Hodara
7206,Martin Lawrence
7207,Martin Prakkat
7208,Martin Rosete
7209,Martín Sastre
7210,Martin Scorsese
7211,Martin Wood
7212,Martin Zandvliet
7213,Marty Callner
7214,Marty Stalker
7215,Marwan Hamed
7216,Marwan Nabil
7217,Mary Harron
7218,Mary Lambert
7219,Mary Mazzio
7220,Maryo J. De los Reyes
7221,Masaaki Yuasa
7222,Masahiko Murata
7223,Massimiliano Camaiti
7224,Massy Tadjedin
7225,Mastan Alibhai Burmawalla; Abbas Alibhai Burmawalla
7226,Mat King
7227,Mat Whitecross
7228,Matei Dima
7229,Mateo Gil
7230,Matheus Souza
7231,Mathias Malzieu; Stéphane Berla
7232,Mathieu Auvray
7233,Mathieu Kassovitz
7234,Mati Diop
7235,Matías Bize
7236,Matías Gueilburt
7237,Matias Mariani
7238,Matt Angel; Suzanne Coote
7239,Matt Aselton
7240,Matt Askem
7241,Matt Bell
7242,Matt D'Avella
7243,Matt D'Elia
7244,Matt Eskandari
7245,Matt Kay
7246,Matt Kugelman
7247,Matt Ogens
7248,Matt Palmer
7249,Matt Piedmont
7250,Matt Reeves
7251,Matt Ross
7252,Matt Shakman
7253,Matt Thompson
7254,Matt Toronto
7255,Matt Tyrnauer
7256,Matt Wechsler
7257,Matthew Atkinson
7258,Matthew Cooke
7259,Matthew Heineman
7260,Matthew Hope
7261,Matthew Michael Carnahan
7262,Matthew O'Callaghan; Todd Wilderman
7263,Matthew Ross
7264,Matthew Salleh
7265,Matthew Shoychet
7266,Matthew Vaughn
7267,Matthias Hoene
7268,Mauricio Dias; Tatiana Villela
7269,Mauro Scandolari
7270,Max Amini
7271,Max Jabs
7272,Max Joseph
7273,Max Lang; Jani Lachauer
7274,Max Martini
7275,Max McGill
7276,Maximilian Erlenwein
7277,Maxwell McGuire
7278,Maya Forbes
7279,Maya Gallus
7280,Maya Zinshtein
7281,Mayye Zayed
7282,Maz Jobrani
7283,McG
7284,Meenu Gaur; Farjad Nabi
7285,Megha Ramaswamy
7286,Meghan O'Hara
7287,Mehmet Ada Öztekin
7288,Mel Smith
7289,Mel Stuart
7290,Melanie Mayron
7291,Melinda Janko
7292,Meltem Bozoflu
7293,Meng Hua Ho
7294,Merawi Gerima
7295,Mercedes Cordova
7296,Mez Tharatorn
7297,Mfanelo Ngoma
7298,Mic Rodgers
7299,Micah Bickham; Galley Molina
7300,Michael A. Nickles
7301,Michael Anderson
7302,Michael Apted
7303,Michael Barnett
7304,Michael Barrett
7305,Michael Bay
7306,Michael Blieden
7307,Michael Bonfiglio
7308,Michael Buster
7309,Michael Carney
7310,Michael Civille
7311,Michael Cristofer
7312,Michael Cuesta
7313,Michael Cumming
7314,Michael Curtiz
7315,Michael D. Black
7316,Michael Damian
7317,Michael Del Monte
7318,Michael Doneger
7319,Michael Dowse
7320,Michael Drumm
7321,Michael Duggan
7322,Michael Epstein
7323,Michael Fahey
7324,Michael Feifer
7325,Michael Fimognari
7326,Michael G. Kehoe
7327,Michael Gallagher
7328,Michael Harte
7329,Michael J. Bassett
7330,Michael Jai White
7331,Michael James Regan
7332,Michael John Warren
7333,Michael Kampa
7334,Michael Kennedy
7335,Michael Larnell
7336,Michael Lennox
7337,Michael Lockshin
7338,Michael M. Scott
7339,Michael Margolis
7340,Michael Martin
7341,Michael Mason
7342,Michael Mayer
7343,Michael Mazzola
7344,Michael McKay
7345,Michael Patrick King
7346,Michael Paul Stephenson
7347,Michael Petroni
7348,Michael Polish
7349,Michael Pressman
7350,Michael Radford
7351,Michael Ritchie
7352,Michael Roberts
7353,Michael Rymer
7354,Michael Samuels
7355,Michael Seater
7356,Michael Showalter
7357,Michael Simon
7358,Michael Simon; Matthew McNeil
7359,Michael Spierig; Peter Spierig
7360,Michael Steed
7361,Michael Steiner
7362,Michael Thelin
7363,Michael Tiddes
7364,Michael Tolajian
7365,Michael Whitton
7366,Michael Winnick
7367,Michael Winterbottom
7368,Michał Tylka
7369,Michel Gondry
7370,Michel Hazanavicius
7371,Michel Tikhomiroff
7372,Michèle Ohayon
7373,Michelle Bello
7374,Michelle Esrick
7375,Michelle Johnston
7376,Michelle MacLaren
7377,Michihito Fujii
7378,Mick Grogan
7379,Mickey Fonseca
7380,Mickey Liddell
7381,Midhun Manuel Thomas
7382,Miguel Alexandre
7383,Miguel Ángel Lamata
7384,Miguel Ángel Vivas
7385,Miguel Arteta
7386,Miguel Cohan; Miguel Cohan
7387,Miguel Conde
7388,Mijke de Jong
7389,Mika Kaurismäki
7390,Mikael Håfström
7391,Mike Binder
7392,Mike Birbiglia
7393,Mike Clattenburg
7394,Mike Disa
7395,Mike Diva; Akiva Schaffer
7396,Mike Doyle
7397,Mike Elliott
7398,Mike Ezuruonye
7399,Mike Fetterly; Steve Sacks
7400,Mike Flanagan
7401,Mike Fleiss
7402,Mike Gunther
7403,Mike Hodges
7404,Mike Judge
7405,Mike McCoy; Scott Waugh
7406,Mike Mills
7407,Mike Newell
7408,Mike Nicoll
7409,Mike Rianda; Jeff Rowe
7410,Mike Rohl
7411,Mike Rossiter
7412,Mike Smith; John Paul Tremblay; Robb Wells
7413,Mike Wiluan
7414,Mikhail Red
7415,Mikhil Musale
7416,MIKIKO; Daito Manabe
7417,Milan Luthria
7418,Milind Dhaimade
7419,Milind Rau
7420,Milla Harrison-Hansley; Alicky Sussman
7421,Milton Horowitz
7422,Milton Kremer
7423,Mimi Leder
7424,Mina Shum
7425,Miranda de Pencier
7426,Miriam Chandy Menacherry
7427,Mir-Jean Bou Chaaya
7428,Mitch Dickman
7429,Mitch Gould
7430,Mitch Schauer
7431,Mitzi Vanessa Arreola; Amir Galvan Cervera
7432,Moataz El Tony
7433,Mohamed Diab
7434,Mohamed Hamdy
7435,Mohamed Khan
7436,Mohamed Samy
7437,Mohamed Yassin
7438,Mohammad Adel
7439,Mohammad Irfan Ramly
7440,Mohammed Alhmly
7441,Mohammed El-Tahawy; Mohamed Mostafa
7442,Mohammed Hussain
7443,Mohd Khairul Azri Bin Md Noor
7444,Mohit Suri
7445,Mohsin Ali
7446,Momoko Kamiya
7447,Mona Achache; Patricia Tourancheau
7448,Monica Floyd
7449,Monika Mitchell
7450,Monique Gardenberg
7451,Monty Tiwa
7452,Morgan Ingari
7453,Morgan Matthews
7454,Morgan Neville
7455,Morgan Spurlock
7456,Moses Inwang
7457,Mostafa Abu Seif
7458,Mostofa Sarwar Farooki
7459,Moto Sakakibara
7460,Moyoung Jin; Caroline Sá; Deepti Kakkar; Fahad Mustafa; Hikaru Toda; Chico Pereira; Elaine McMillion Sheldon
7461,Mrighdeep Singh Lamba
7462,Mu Chu
7463,Müfit Can Saçıntı
7464,Muh Chen
7465,Muhammad Ali
7466,Muhammad Fadl; Hany Motawie
7467,Muharrem Gülmez
7468,Muharrem Gülmez; Sırrı Süreyya Önder
7469,Mukesh Vohra
7470,Mukul Anand
7471,Munish Bhardwaj
7472,Munjal Shroff; Tilak Shetty
7473,Murat Kepez
7474,Musthafa
7475,Muzi Mthembu
7476,Myles Kane; Josh Koury
7477,Myriam Aziza
7478,Myriam Fares
7479,Mysskin
7480,N. Chandra
7481,N. Linguswamy
7482,N.D. Wilson
7483,Na Hyeon
7484,Nabil Ayouch
7485,Nacho G. Velilla
7486,Nadia Hallgren
7487,Nadine Ibrahim
7488,Nagesh Kukunoor
7489,Nagraj Manjule
7490,Najwa Najjar
7491,Nakul Singh Sawhney
7492,Nam Ron
7493,Naman Nitin Mukesh
7494,Nana Ekvtimishvili; Simon Gross
7495,Nancy Meyers
7496,Nancy Schwartzman
7497,Nandita Das
7498,Nanette Burstein
7499,Naoko Yamada
7500,Naoto Amazutsumi
7501,Narendra Nath
7502,Naresh Saigal
7503,Naseef Yusuf Izuddin
7504,Natalia Garagiola
7505,Natalia Valdebenito
7506,Natalie Portman
7507,Natasha Lyonne
7508,Nate Adams; Adam Carolla
7509,Nathan Landeg
7510,Nathan Morlando
7511,Nathan Wiley
7512,Nathaniel Warsh
7513,Nattawut Poonpiriya
7514,Navaniat Singh
7515,Navdeep Singh
7516,Navinder Pal Singh
7517,Navjot Gulati
7518,Navneet Behal
7519,Navot Papushado
7520,Nawapol Thamrongrattanarit
7521,Naya Anindita
7522,Neal Brennan
7523,Neeraj Pandey
7524,Neeraj Udhwani
7525,Neeraj Vora
7526,Neil Armfield
7527,Neil Jordan
7528,Neil LaBute
7529,Neil Rawles
7530,Neil Triffett
7531,Neill Blomkamp
7532,Nelson McCormick
7533,Neri Parenti
7534,Neslihan Yesilyurt
7535,Néstor Sánchez Sotelo
7536,Neville Shah
7537,Nguyen Thanh Tung
7538,Nia Dinata
7539,Niall Johnson
7540,Nibal Arakji
7541,Nic Mathieu
7542,Nicanor Loreti
7543,Nicholas Hytner
7544,Nicholas Kharkongor
7545,Nicholas Ray
7546,Nicholas Stoller
7547,Nicholas Winter
7548,Nicholas Zeig-Owens
7549,Nicholaus Goossen
7550,Nick Broomfield
7551,Nick Cassavetes
7552,Nick Castle
7553,Nick Davis
7554,Nick Gomez
7555,Nick Mead
7556,Nick Moore
7557,Nick Rowland
7558,Nick Simon
7559,Nicol Paone
7560,Nicolas Brossette
7561,Nicolás López
7562,Nicolas Pesce
7563,Nicolas Winding Refn
7564,Nicole Conn
7565,Nicole Holofcener
7566,Nidhi Sharma
7567,Niels Arden Oplev
7568,Nikhil Advani
7569,Nikhil Nagesh Bhat
7570,Nikhil Pherwani
7571,Niki Caro
7572,Nikkhil Advani
7573,Nila Madhab Panda
7574,Nils Tavernier
7575,Nima Nourizadeh
7576,Nimród Antal
7577,Nirpal Bhogal
7578,Nishanth Ravindaran; Jathin Sanker Raj
7579,Nisheeta Keni
7580,Nishikant Kamat
7581,Nishil Sheth
7582,Nitesh Tiwari
7583,Niyi Akinmolayan
7584,Nizar Shafi
7585,Noah Baumbach
7586,Noah Baumbach; Jake Paltrow
7587,Noah Moskin
7588,Noam Murro
7589,Noé González
7590,Noel Dockstader; Quinn Kanaly
7591,Noël Wells
7592,Nonzee Nimibutr
7593,Noor Imran Mithu
7594,Nopparoj Chotmunkongsit
7595,Nora Ephron
7596,Nora Fingscheidt
7597,Nora Twomey
7598,Norberto López Amado
7599,Norihisa Hiranuma
7600,Noriyuki Abe
7601,Norm Hiscock; Gary Howsam; Mike Smith; John Paul Tremblay; Robb Wells
7602,Norman Jewison
7603,Note Chern-Yim
7604,Nottapon Boonprakob
7605,Noushad
7606,Noviandra Santosa
7607,Nuel Naval
7608,Nuhash Humayun; Syed Ahmed Shawki; Rahat Rahman; Robiul Alam Robi; Golam Kibria Farooki; Mir Mukarram Hossain; Tanvir Ahsan; Mahmudul Islam; Abdullah Al Noor; Krishnendu Chattopadhyay; Syed Saleh Ahmed Sobhan
7609,Numa Perrier
7610,Nzingha Stewart
7611,Obaid Alhmoudi
7612,Obi Emelonye
7613,Oded Raz
7614,Odunlade Adekola
7615,Ofir Raul Graizer
7616,Okey Oku
7617,Ola Flyum; David Hebditch
7618,Olaf de Fleur
7619,Ole Bornedal
7620,Oleg Trofim
7621,Oliver Blackburn
7622,Oliver Bokelberg
7623,Oliver Daly
7624,Oliver Frampton
7625,Oliver Kienle
7626,Oliver Schmitz
7627,Oliver Stone
7628,Oliver Twinch
7629,Olivia M. Lamasan
7630,Olivia Milch
7631,Olivia Newman
7632,Olivier Abbou
7633,Olivier Afonso
7634,Olivier Assayas
7635,Olivier Jean-Marie
7636,Olivier Loustau
7637,Olivier Marchal
7638,Olivier Megaton
7639,Olivier Nakache; Éric Toledano
7640,Oluseyi Asurf
7641,Ömer Faruk Sorak
7642,Omoni Oboli
7643,Omung Kumar
7644,One9
7645,Onir
7646,Onur Bilgetay
7647,Onur Tukel
7648,Onur Ünlü
7649,Oren Peli
7650,Oren Uziel
7651,Oriol Paulo
7652,Orlando von Einsiedel
7653,Orson Welles
7654,Oscar Micheaux; Spencer Williams; Richard E. Norman; Richard Maurice
7655,Osgood Perkins
7656,Oskar Santos
7657,Óskar Thór Axelsson
7658,Osman Ali
7659,Ossama Abu El Atta; Tarek Al Eryan
7660,Otilia Portillo Padua
7661,Otoja Abit
7662,Owen Egerton
7663,Owen Trevor
7664,Oyefunke Fayoyin
7665,Oz Rodriguez
7666,Ozan Açıktan
7667,P.K. Baaburaaj
7668,P.T. Kunju Muhammad
7669,Pa. Ranjith
7670,Paakhi Tyrewala
7671,Pablo Agüero
7672,Pablo Aulita
7673,Pablo D'Alo Abba
7674,Pablo Faro
7675,Pablo Giorgelli
7676,Pablo Larraín
7677,Pablo Lejarreta; Luis Alfaro
7678,Pablo Parés
7679,Pablo Stoll; Juan Pablo Rebella
7680,Paco Aguilar
7681,Paco Arango
7682,Paco Cabezas
7683,Paco Plaza
7684,Padmakumar Narasimhamurthy
7685,Padraic McKinley
7686,Padraig Reynolds
7687,Page Hurwitz
7688,Pailin Wedel
7689,Pali Yahya
7690,Pamela Romanowsky
7691,Pan Nalin
7692,Pang Ho-cheung
7693,Pankaj Batra
7694,Pantham Thongsang; Cheewatan Pusitsuksa
7695,Param Gill
7696,Parambrata Chatterjee
7697,Paresh Mokashi
7698,Paritosh Painter
7699,Park Hoon-jung
7700,Park In-je
7701,Park Joon-hwa
7702,Partha Chakraborty
7703,Parthiban
7704,Partho Ghosh
7705,Partho Mitra
7706,Partho Sen-Gupta
7707,Parveen Kumar
7708,Pascal Amanfo
7709,Pascal Atuma
7710,Pascal Blanchard; Sonia Dauger; David Dietz
7711,Pascale Lamche
7712,Pass Patthanakumjon
7713,Pat Healy
7714,Patrice Laliberté
7715,Patricia Ferreira
7716,Patricia Font
7717,Patricia Rozema
7718,Patrick Brice
7719,Patrick Durham; Paul G. Volk
7720,Patrick Graham
7721,Patrick Tatopoulos
7722,Patrik Syversen
7723,Patryk Vega
7724,Paul Andrew Williams
7725,Paul Berczeller; Mark Radice
7726,Paul Dano
7727,Paul Dugdale
7728,Paul Feig
7729,Paul Greengrass
7730,Paul Haggis
7731,Paul Katis
7732,Paul Krüger; Anél Stolp
7733,Paul M. Green
7734,Paul Miller
7735,Paul Munger
7736,Paul Raschid
7737,Paul Reubens; Wayne Orr
7738,Paul Schrader
7739,Paul Serafini
7740,Paul Shoulberg
7741,Paul Solet
7742,Paul Solet; Rick Benattar
7743,Paul Soriano
7744,Paul Spurrier
7745,Paul Tanter
7746,Paul Taublieb; Jon Freeman
7747,Paul Thomas Anderson
7748,Paul Urkijo Alijo
7749,Paul Verhoeven
7750,Paul W.S. Anderson
7751,Paul Weitz
7752,Paula Apsell; Kirk Wolfinger
7753,Paulo Oriol
7754,Pavel Kostomarov
7755,Pavel Parkhomenko
7756,Pavitra Chalam; Akshay Shankar
7757,Pawan K Shrivastava
7758,Pawan Kripalani
7759,Pawan Kumar
7760,Paween Purijitpanya
7761,Pedring A. Lopez
7762,Pedro Antonio
7763,Pedro Coutinho
7764,Pedro de Echave García; Pablo Azorín Williams
7765,Pedro Flores Maldonado
7766,Peggy Holmes
7767,Pepe Bojórquez
7768,Pepe Mora
7769,Perci Intalan
7770,Perry Lang
7771,Pete Travis
7772,Peter Berg
7773,Peter Billingsley
7774,Peter Chelsom
7775,Peter DeLuise
7776,Peter Facinelli
7777,Peter Farrelly; Bobby Farrelly
7778,Peter Farrelly; Will Graham; Steve Carr; Griffin Dunne; Steve Brill; James Duffy; Jonathan van Tulleken; Elizabeth Banks; Patrik Forsberg; Brett Ratner; Rusty Cundieff; James Gunn
7779,Peter Fison
7780,Peter Foott
7781,Peter Galison
7782,Peter Ho
7783,Peter Howitt
7784,Peter Hutchings
7785,Peter Jackson
7786,Peter Lepeniotis
7787,Peter Lord; Jeff Newitt
7788,Peter McDonnell
7789,Peter Middleton; James Spinney
7790,Peter Mimi
7791,Peter Mortimer; Josh Lowell
7792,Peter Nicks
7793,Peter Orton
7794,Peter Pardini
7795,Peter Ramsey; Rodney Rothman; Bob Persichetti
7796,Peter Sattler
7797,Peter Segal
7798,Peter Sollett
7799,Peter Spirer
7800,Peter Sullivan
7801,Peter Svatek
7802,Peter Thorwarth
7803,Peter Webber
7804,Peter Winther
7805,Peter Yost
7806,Petra Costa
7807,Petra Costa; Lea Glob
7808,Peyton Reed
7809,Phanindra Narsetti
7810,Phil Alden Robinson
7811,Phil Burgers
7812,Phil Joanou
7813,Phil Johnston; Rich Moore
7814,Phil Lord; Christopher Miller
7815,Phil Morrison
7816,Phil Nibbelink; Simon Wells
7817,Phil Roman
7818,Phil Sgriccia
7819,Phil Weinstein
7820,Philip Barantini
7821,Philip Einstein Lipski; Jørgen Lerdam; Amalie Næsby Fick
7822,Philip G. Atwell
7823,Philip Marlatt
7824,Philip Yung
7825,Philipp Eichholtz
7826,Philipp Stölzl
7827,Philippa Lowthorpe
7828,Philippe Aractingi
7829,Philippe Falardeau
7830,Phillip Noyce
7831,Phillip Youmans
7832,Phyllida Lloyd
7833,Pia Sukanya
7834,Picky Talarico
7835,Pierfrancesco Diliberto
7836,Pierre Coré
7837,Pierre Deschamps
7838,Pierre Greco; Nancy Florence Savard
7839,Pierre Morel
7840,Pieter Kuijpers
7841,Pieter-Jan De Pue
7842,Pippa Ehrlich; James Reed
7843,Piti Jaturaphat
7844,Poj Arnon
7845,Pooja Bhatt
7846,Prabhakaran
7847,Prabhu Deva
7848,Prabhuraj
7849,Pradeep Verma
7850,Pradip Kurbah
7851,Prakash Balwant Saini
7852,Prakash Jha
7853,Prakash Kunte
7854,Prakash Mehra
7855,Prakash Satam
7856,Pramod Pawar
7857,Prasanth Varma
7858,Prashant Nair
7859,Prasobh Vijayan
7860,Prateek Vats
7861,Pratim D. Gupta
7862,Praveen Kandregula
7863,Praveen Nischol
7864,Prawal Raman
7865,Prem Soni
7866,Prentice Penny
7867,Preston A. Whitmore II
7868,Prime Cruz
7869,Priyadarshan
7870,Priyadarshan; Kookie V. Gulati
7871,Pulkit
7872,Puneet Khanna
7873,Puneet Sira
7874,Punit Malhotra
7875,Puri Jagannadh
7876,Qaushiq Mukherjee
7877,QLF
7878,Quek Shio-chuan
7879,Quentin Tarantino
7880,Quinn Lasher
7881,Quoc Bao Tran
7882,R. Balki
7883,R. Ellis Frazier
7884,R. Kannan
7885,R.J. Daniel Hanna
7886,Raaghav Dar
7887,Raam Reddy
7888,Rachel Bell
7889,Rachel Griffiths
7890,Rachel Lears
7891,Rachel Mason
7892,Rachel Talalay
7893,Rachit Kusonkoonsiri
7894,Radha Blank
7895,Radhika Rao; Vinay Sapru
7896,Radhu Karmakar
7897,Raditya Dika
7898,Rae Red
7899,Rahat Kazmi
7900,Rahul Dholakia
7901,Rahul Ravindran
7902,Rahul Rawail
7903,Rai Yuvraj Bains
7904,Raj Amit Kumar
7905,Raj B. Shetty
7906,Raj Babu
7907,Raj Kanwar
7908,Raj Kapoor
7909,Raj Kaushal
7910,Raj Khosla
7911,Raj Kumar Gupta
7912,Raj N. Sippy
7913,Raj Nidimoru; Krishna D.K.
7914,Raj R
7915,Raja Chanda
7916,Raja Gosnell
7917,Raja Menon
7918,Rajan Madhav
7919,Rajat Kapoor
7920,Rajeev Chaudhari
7921,Rajeev Patil
7922,Rajesh Ganguly
7923,Rajesh Mapuskar
7924,Rajesh Touchriver
7925,Rajiv Chilaka
7926,Rajiv Chilaka; Anirban Majumder; Alka Amarkant Dubey
7927,Rajiv Chilaka; Binayak Das
7928,Rajiv Chilaka; Owll Mina
7929,Rajiv Mehra
7930,Rajiv Menon
7931,Rajkumar Hirani
7932,Rajkumar Santoshi
7933,Rajveer Singh Maan; Harpeet Singh
7934,Rakesh Mehta
7935,Rakesh Ranjan Kumar
7936,Rakeysh Omprakash Mehra
7937,Rako Prijanto
7938,Rakshith Thirthahalli
7939,Ralph Macchio
7940,Ram
7941,Ram Gopal Varma
7942,Raman Kumar
7943,Ramesh Sippy
7944,Ramesh Talwar
7945,Rami Hachache
7946,Ramin Bahrani
7947,Ramón Salazar
7948,Ramon Térmens
7949,Ramsey Nouah
7950,Ramzy Bedia; Éric Judor
7951,Rana Eid
7952,Rana Ranbir
7953,Randa Chahal Sabbag
7954,Randal Kleiser
7955,Randall Lobb
7956,Randall Lobb; Robert McCallum
7957,Ranjit Jeyakodi
7958,Ranjit Tiwari
7959,Rano Karno
7960,Raoul Peck
7961,Raphael Erichsen
7962,Rarecho
7963,Rashida Jones; Alan Hicks
7964,Rathindran R Prasad
7965,Raúl Arévalo
7966,Raúl Campos; Jan Suter
7967,Ravi Babu
7968,Ravi Udyawar
7969,Ravikanth Perepu
7970,Ravishankar Venkateswaran
7971,Ray Jiang
7972,Rayka Zehtabchi
7973,Raymie Muzquiz; Stu Livingston
7974,Raymond McGrath
7975,Raymond Wood
7976,Raz Degan
7977,Rebecca Addelman
7978,Rebecca Harrison
7979,Rebecca Johnson
7980,Rebecca Zlotowski
7981,Reem Kherici
7982,Reema Kagti
7983,Regina Welker; Nina Wels
7984,Reginald Hudlin
7985,Reiner Holzemer
7986,Reinhard Klooss
7987,Remi Weekes
7988,Remo D'Souza
7989,Rémy Four; Julien War
7990,Remy Kohli
7991,Renata Terra
7992,Renato De Maria
7993,Rene Bueno
7994,Rene Liu
7995,René Pérez Joglar
7996,Renny Harlin
7997,Renuka Shahane
7998,Renzil D'Silva
7999,Rhiannon Bannenberg
8000,Rhys Thomas
8001,Rian Johnson
8002,Ribhu Dasgupta
8003,Ric Roman Waugh
8004,Ricardo de Montreuil
8005,Ricardo Maldonado
8006,Ricardo Trogi
8007,Riccardo Milani
8008,Riccardo Pilizzeri
8009,Rich Ragsdale
8010,Richard Arellano
8011,Richard Attenborough
8012,Richard Bailey
8013,Richard Bates Jr.
8014,Richard Brooks
8015,Richard Claus; Karsten Kiilerich
8016,Richard Correll
8017,Richard Curtis
8018,Richard Donner
8019,Richard Finn; Tim Maltby
8020,Richard Gabai
8021,Richard Greenberg
8022,Richard Kelly
8023,Richard LaGravenese
8024,Richard Laxton
8025,Richard Linklater
8026,Richard Loncraine
8027,Richard Mears
8028,Richard Michaels
8029,Richard Miron
8030,Richard Phelan; Will Becher
8031,Richard Rich
8032,Richard Sears
8033,Richard Shepard
8034,Richard van't Riet
8035,Richard Weston
8036,Richie Smyth
8037,Rick Morales
8038,Ricky Gervais
8039,Ricky Gervais; Matthew Robinson
8040,Ricky Staub
8041,Ridley Scott
8042,Rik Reinholdtsen
8043,Rikhil Bahadur
8044,Riki Lindhome; Jeremy Konner
8045,Rima Das
8046,Rindala Kodeih
8047,Ringo Lam
8048,Riri Riza
8049,Ritesh Batra
8050,Ritu Sarin; Tenzing Sonam
8051,Rizal Mantovani
8052,Rizki Balki
8053,Rob Burnett
8054,Rob Cohen
8055,Rob Epstein; Jeffrey Friedman
8056,Rob LaDuca; Robert C. Ramirez
8057,Rob Marshall
8058,Rob McKittrick
8059,Rob Meyer
8060,Rob Minkoff
8061,Rob Reiner
8062,Rob Seidenglanz
8063,Rob Silvestri
8064,Rob Smat
8065,Rob W. King
8066,Rob Zombie
8067,Robb Dipple
8068,Robbie Countryman
8069,Robbie Grewal
8070,Robert Adetuyi
8071,Robert Aldrich
8072,Robert Altman
8073,Robert Berlinger
8074,Robert Cannan; Ross Adam
8075,Robert Clouse
8076,Robert Cullen; José Luis Ucha
8077,Robert Eagar
8078,Robert Eggers
8079,Robert Kenner
8080,Robert Kenner; Taki Oldham
8081,Robert Kouba
8082,Robert Krantz
8083,Robert Luketic
8084,Robert Markowitz
8085,Robert McCullough Jr.
8086,Robert Moresco
8087,Robert Nixon; Fisher Stevens
8088,Robert O. Peters
8089,Robert Osman; Nathanael Wiseman
8090,Robert Peters
8091,Robert Pulcini; Shari Springer Berman
8092,Robert Radler
8093,Robert Rodriguez
8094,Robert Schwentke
8095,Robert Smigel
8096,Robert Tate
8097,Robert Townsend
8098,Robert Vince
8099,Robert Zemeckis
8100,Roberta Grossman; Sophie Sartain
8101,Roberto De Feo; Paolo Strippoli
8102,Roberto Girault Facha
8103,Roberto Santucci
8104,Robi Michael
8105,Robin Aubert
8106,Robin Bissell
8107,Robin Swicord
8108,Robyn Butler
8109,Rocco Ricciardulli
8110,Rocky Soraya
8111,Rocky Soraya; Anggy Umbara
8112,Rod Blackhurst
8113,Rod Blackhurst; Brian McGinn
8114,Rod Cabatana Marmol
8115,Rod Daniel
8116,Rod Lurie
8117,Rodolphe Guenoden
8118,Rodrigo Guardiola; Gabriel Cruz Rivas
8119,Rodrigo Reyes
8120,Rodrigo Salomón; Pietro Scappini
8121,Rodrigo Toro; Francisco Schultz
8122,Rodrigo Triana
8123,Rodrigo Van Der Put
8124,Roel Reiné
8125,Roger Allers; Gaëtan Brizzi; Paul Brizzi; Joan C. Gratz; Mohammed Saeed Harib; Tomm Moore; Nina Paley; Bill Plympton; Joann Sfar; Michael Socha
8126,Roger Allers; Jill Culton
8127,Roger Christian
8128,Roger Donaldson
8129,Roger Graef; James Rogan
8130,Roger Gual
8131,Roger Kumble
8132,Roger Russell
8133,Roger Spottiswoode
8134,Roger Young
8135,Rohan Sippy
8136,Rohena Gera
8137,Rohit Jugraj
8138,Rohit Mittal
8139,Rohit Shetty
8140,Roland Emmerich
8141,Rolfe Kanefsky
8142,Romain Gavras
8143,Roman Atwood; Ben Pluimer
8144,Roman Coppola
8145,Roman Gackowski
8146,Roman Polanski
8147,Roman Polański
8148,Roman White
8149,Ron Clements; John Musker
8150,Ron Davis
8151,Ron Howard
8152,Ron Krauss
8153,Ron Myrick
8154,Ron Oliver
8155,Ron Underwood
8156,Ross Boyask
8157,Ross Kauffman
8158,Ross Venokur
8159,Rowan Athale
8160,Roy Allen Smith
8161,Roy Burdine; Johnny Castuciano
8162,Roy Campanella II
8163,Roy Poortmans
8164,Royale Watkins; Rich Schlansker
8165,Ruben Fleischer
8166,Rucha Humnabadkar
8167,Ruchi Narain
8168,Rudradeep Bhattacharjee
8169,Rudy Soedjarwo
8170,Rudy Soedjarwo; Riri Riza
8171,Ruel S. Bayani
8172,Rupert Jones
8173,Rush Sturges
8174,Rushmore DeNooyer
8175,Russell Crowe
8176,Rusty Cundieff; Darin Scott
8177,Rusty Nixon
8178,Ry Russo-Young
8179,Ryan Coogler
8180,Ryan Crego
8181,Ryan Koo
8182,Ryan Murphy
8183,Ryan Polito
8184,Ryu Jung-woo
8185,Ryuichi Hiroki
8186,RZA
8187,S. Shankar
8188,S.A. Zaidi
8189,S.S. Rajamouli
8190,S.S. Wilson
8191,Saandeep Patel
8192,Saara Cantell
8193,Sabaah Folayan; Damon Davis
8194,Sabal Singh Shekawat
8195,Sabina Fedeli; Anna Migotto
8196,Sabir Khan
8197,Sabrina Rochelle Kalangie
8198,Sabu Varghese
8199,Sacha Gervasi
8200,Sacha Wolff
8201,Sachin
8202,Sachin Kamlakar Khot
8203,Sachin Kundalkar
8204,Sachin Yardi
8205,Sadeq Behbehani
8206,Saeed Hamed
8207,Safdar Rahman
8208,Sagar Sarhadi
8209,Saheed Arafath
8210,Sai Paranjape
8211,Saji Surendran
8212,Sajid Khan
8213,Saket Behl
8214,Saket Chaudhary
8215,Sakon Tiacharoen
8216,Salim Akil
8217,Salima Koroma
8218,Sally Potter
8219,Salmeen AlMurry Amer
8220,Salvador Calvo
8221,Salvador Espinosa
8222,"Sam ""Blitz"" Bazawule"
8223,Sam Cullman
8224,Sam de Jong
8225,Sam Dunn
8226,Sam Dunn; Scot McFadyen
8227,Sam Fell; Chris Butler
8228,Sam Hobkinson
8229,Sam Irvin
8230,Sam Levinson
8231,Sam Liu
8232,Sam Liu; Frank Paur
8233,Sam Loh
8234,Sam Macaroni
8235,Sam Mendes
8236,Sam O'Steen
8237,Sam Patton
8238,Sam Raimi
8239,Sam Rega
8240,Sam Taplin
8241,Sam Taylor-Johnson
8242,Sam Upton
8243,Sam Voutas
8244,Sam Wrench
8245,Samar Khan
8246,Samar Shaikh
8247,Sameer Patil
8248,Sameer Sharma
8249,Sameer Vidwans
8250,Sameh Abdulaziz
8251,Samir Al Asfory
8252,Samir Karnik
8253,Samir Soni
8254,Samit Kakkad
8255,Sammaria Sari Simanjuntak
8256,Samu Fuentes
8257,Samuel D. Pollard
8258,Samuel Jouy
8259,Samuel Olatunji
8260,Sandeep Chatterjee
8261,Sandeep Reddy Vanga
8262,Sandi Tan
8263,Sandra Restrepo
8264,Sandy Chronopoulos
8265,Sangeeth Sivan
8266,Sang-ho Yeon
8267,Sanjay Dayma
8268,Sanjay Gupta
8269,Sanjay Jadhav
8270,Sanjay Leela Bhansali
8271,Sanjay Patel
8272,Sanjay Soorkar
8273,Sanjeev Gupta
8274,Sanjib Dey
8275,Sanjiv Jaiswal
8276,Santhosh Viswanath
8277,Santiago Alvarado Ilarri
8278,Santiago Diaz; Pablo Martin Farina
8279,Santosh Manjrekar
8280,Santosh Sivan
8281,Santram Varma
8282,Santwana Bardoloi
8283,Sara Colangelo
8284,Sara Dosa
8285,Sarah Adina Smith
8286,Sarah Gavron
8287,Sarah Holt
8288,Sarah Moshman
8289,Sarah Smith
8290,Saratswadee Wongsomphet
8291,Saravana Rajan
8292,Saravana Rajendran
8293,Sarawut Wichiensarn
8294,Sarik Andreasyan
8295,Sarjun
8296,Saron Sakina
8297,Sartaj Singh Pannu
8298,Sarthak Dasgupta
8299,Sathyan Anthikad
8300,Satish Kaushik
8301,Satish Manwar
8302,Satish Rajwade
8303,Satyajit Bhatkal
8304,Saul Dibb
8305,Saurabh Kabra
8306,Saurabh Sinha
8307,Saurav Palodhi
8308,Savage Steve Holland
8309,Saw Teong Hin; Nik Amir Mustapha; M.S. Prem Nath
8310,Scot Armstrong
8311,Scott Aukerman
8312,Scott Aukerman; Akiva Schaffer
8313,Scott Cooper
8314,Scott Hicks
8315,Scott Hussion; Seth Fuller
8316,Scott L. Montoya
8317,Scott Marshall Smith
8318,Scott Martin
8319,Scott McAboy
8320,Scott Moran
8321,Scott Mosier; Yarrow Cheney
8322,Scott Pleydell-Pearce
8323,Scott Speer
8324,Scott Spiegel
8325,Scott Stewart
8326,Scott Walker
8327,Scott Zabielski
8328,Sean Anders
8329,Sean Baker
8330,Sean Cisterna
8331,Sean Foley
8332,Sean Hanish
8333,Sean McNamara
8334,Sean Menard
8335,Sean Olson
8336,Sean Penn
8337,Sebastian DiNatale
8338,Sebastian Gutierrez
8339,Sebastián Hofmann
8340,Sebastian Jones; Ramez Silyan
8341,Sebastián Schindel
8342,Sébastien Betbeder
8343,Sedat Kirtan; Kubilay Sarikaya
8344,Seema Pahwa
8345,Seiji Mizushima
8346,Sekhar Kammula
8347,Selçuk Aydemir
8348,Selçuk Aydemir; Birkan Pusa
8349,Selçuk Metin
8350,Selima Taibi
8351,Selvamani Selvaraj
8352,Semi Chellas
8353,Şenol Sönmez
8354,Serdar Akar
8355,Seren Yüce
8356,Serge Ou
8357,Sergei Bodrov
8358,Sergio Barrejón
8359,Sergio Leone
8360,Sergio Pablos
8361,Sermiyan Midyat
8362,Seth Barrish
8363,Seth Barrish; Mike Birbiglia
8364,Seth Gordon
8365,Seth Henrikson
8366,Seyi Babatope
8367,Shaad Ali
8368,Shadab Khan
8369,Shadi Ali
8370,Shady Hanna
8371,Shagufta Rafique
8372,Shaina Allen
8373,Shakti Samanta
8374,Shakun Batra
8375,Shalini Kantayya
8376,Shammi Kapoor
8377,Shamyl Othman
8378,Shamzu Zayba
8379,Shanavas K. Bavakutty
8380,Shanawaz Nellikunnil
8381,Shane Acker
8382,Shanjey Kumar Perumal
8383,Shanker Raman
8384,Shannon Hartman
8385,Shannon Hartman; Michelle Caputo
8386,Shantrelle P. Lewis
8387,Sharan Koppisetty
8388,Sharan Sharma
8389,Sharmeen Obaid-Chinoy
8390,Sharon Grimberg
8391,Shashank Khaitan
8392,Shashank Khaitan; Raj Mehta; Neeraj Ghaywan; Kayoze Irani
8393,Shashanka Ghosh
8394,Shashanka Ghosh; Samit Basu
8395,Shashilal K. Nair
8396,Shaul Schwarz; Christina Clusiau
8397,Shaun Mir
8398,Shaun Paul Piccinino
8399,Shawn Arranha
8400,Shawn Crahan
8401,Shawn Levy
8402,Shawn Rech
8403,Shaz Bennett
8404,Shazia Ali Khan
8405,Shazia Javed
8406,Shekhar Kapur
8407,Shelly Chopra Dhar
8408,Shen Leping
8409,Sherif Arafa
8410,Sherif Ismail
8411,Sherif Mandour
8412,Shigeaki Kubo
8413,Shigeaki Kubo; Tsuyoshi Nakakuki
8414,Shikha Makan
8415,Shin Won-ho
8416,Shinji Aramaki; Mamoru Oshii; Hideki Futamura; Toshiyuki Kanno; Tomoki Kyoda; Koichi Mashimo; Yasushi Muraki; Daisuke Nishio; Frank O'Connor; Koji Sawai; Joseph Chou; Hiroshi Yamazaki
8417,Shinji Aramaki; Masaru Matsumoto
8418,Shin-yeon Won
8419,Shirish Kunder
8420,Shirley Frimpong-Manso
8421,Shivam Nair
8422,Shivendra Singh Dungarpur
8423,Shlok Sharma
8424,Shojiro Nishimi; Guillaume Renard
8425,Shonali Bose
8426,Shoojit Sircar
8427,Shravan Kumar
8428,Shree Narayan Singh
8429,Shreyas Talpade
8430,Shrihari Sathe
8431,Shubham Singh
8432,Shuko Murase
8433,Shunsuke Kariyama
8434,Shweta Basu Prasad
8435,Shyam Benegal
8436,Shyamal Chaulia; Asit Mohapatra
8437,Sian Heder
8438,Sibusiso Khuzwayo
8439,Siddique
8440,Sidharta Tata; Aco Tenriyagelli; Dian Sastrowardoyo; Ifa Isfansyah; Jason Iskandar
8441,Sidharth Malhotra
8442,Sidheswar Shukla
8443,Sidheswar Shukla; Asit Mohapatra
8444,Sigrid Andrea Bernardo
8445,Simon Baker
8446,Simon Curtis
8447,Simon Frederick
8448,Simon Napier-Bell
8449,Simon Rumley
8450,Simon Stone
8451,Simon Verhoeven
8452,Simon Wells
8453,Simon Wincer
8454,Simranjit Singh Hundal
8455,Sinan Akkuş
8456,Sion Sono
8457,Sita Likitvanichkul; Jetarin Ratanaserikiat; Apirak Samudkitpaisan; Thanabodee Uawithya; Adirek Wattaleela
8458,Sittisiri Mongkolsiri
8459,Siu-hung Chung; Wong Jing
8460,Sivaroj Kongsakul
8461,Skye Borgman
8462,Smeep Kang
8463,Sneha Taurani
8464,So Yong Kim
8465,Sofia Coppola
8466,Sofie Šustková
8467,Sohail Khan
8468,Sohail Tatari
8469,Soham Shah
8470,Sonia Kennebeck
8471,Sonia Lowman
8472,Sonny Mallhi
8473,Sonny Marler
8474,Sooni Taraporevala
8475,Sooraj R. Barjatya
8476,Sophia Nahli Allison
8477,Sophie Robinson; Lotje Sodderland
8478,Sopon Sukdapisit
8479,Sorin Dan Mihalcescu
8480,Soudade Kaadan
8481,Soukarya Ghosal
8482,Soumendra Padhi
8483,Soumitra Ranade
8484,Spike Jonze
8485,Spike Lee
8486,Sridhar Jetty
8487,Sridhar Rangayan
8488,Srijit Mukherji; Vasan Bala; Abhishek Chaubey
8489,Sriram Raghavan
8490,Stacia Crawford
8491,Stacie Passon
8492,Stacy Title
8493,Stan Lathan
8494,Stanisław Różewicz
8495,Stanley Kubrick
8496,Stanley Menino D'Costa
8497,Stanley Moore; Alex Woo
8498,Stanley Nelson
8499,Stanley Tong
8500,Stefan Aust; Dirk Laabs
8501,Stefan Brogren
8502,Stefan Westerwelle
8503,Stefano Lodovichi
8504,Stefano Mordini
8505,Stefano Sollima
8506,Stefon Bristol
8507,Stella Corradi
8508,Stephan Rick
8509,Stéphane de Freitas
8510,Stephanie Laing
8511,Stephanie Soechtig; Jeremy Seifert
8512,Stephanie Turner
8513,Stephanie Zwane
8514,Stephen Amezdroz
8515,Stephen Chbosky
8516,Stephen Chiodo
8517,Stephen Chow
8518,Stephen Cone
8519,Stephen Daldry
8520,Stephen Donnelly; Olly Reid; Jun Falkenstein
8521,Stephen Frears
8522,Stephen Gyllenhaal
8523,Stephen Herek
8524,Stephen Hopkins
8525,Stephen Kijak
8526,Stephen S. Campanelli
8527,Steve Antin
8528,Steve Ball
8529,Steve Ball; Andrew Duncan
8530,Steve Barker
8531,Steve Barron
8532,Steve Bencich
8533,Steve Boettcher
8534,Steve Brill
8535,Steve Carr
8536,Steve Cheng
8537,Steve Greenwood
8538,Steve Gukas
8539,Steve Hickner; Simon J. Smith
8540,Steve Loter
8541,Steve McLean
8542,Steve Paley
8543,Steve Pink
8544,Steve Race
8545,Steve Rash
8546,Steve Rolston
8547,Steve Sacks
8548,Steven Bognar; Julia Reichert
8549,Steven Brill
8550,Steven C. Miller
8551,Steven Fine
8552,Steven Gomez
8553,Steven Knight
8554,Steven R. Monroe
8555,Steven Rinella
8556,Steven Soderbergh
8557,Steven Spielberg
8558,Steven Tsuchida
8559,Steven Yamamoto
8560,Steven Zaillian
8561,Stig Bergqvist; Paul Demeyer
8562,Storm Saulter
8563,Storm Theunissen
8564,Stuart Baird
8565,Stuart Heisler
8566,Stuart Orme
8567,Stuart Rosenberg
8568,Stuart Sender
8569,Su I-Hsuan; Chuang Shiang-an; Liu Yi
8570,Subhash Ghai
8571,Subhash Kapoor
8572,Sudabeh Mortezai
8573,Sudesh Manjrekar
8574,Sudesh Manjrekar; Atul Kale
8575,Sudha Kongara; Vignesh Shivan; Gautham Vasudev Menon; Vetri Maaran
8576,Sudhanshu Saria
8577,Sudhir Mishra
8578,Sudip Bandyopadhyay
8579,Sudipto Roy
8580,Sue Ding
8581,Sue Kim
8582,Suhas Kadav
8583,Sujeeth
8584,Sujoy Ghosh
8585,Sukhbir Singh
8586,Sukum Maetawanitch
8587,Suman Ghosh
8588,Suman Mukhopadhyay
8589,Sumit Das
8590,Sumitra Bhave; Sunil Sukthankar
8591,Sunao Katabuchi
8592,Sundar C.
8593,Sung Do-jun
8594,Sung-soo Kim
8595,Sunil Soraya
8596,Sunil Thakur
8597,Sunkanmi Adebayo
8598,Sunny Lau
8599,Suparn Verma
8600,Supavitra Babul
8601,Suresh Pillai
8602,Surya S.J.; Sunil Kumar Agrawal
8603,Susan Glatzer
8604,Susan Johnson
8605,Susan Lacy
8606,Susan Lambert; Stefan Moore
8607,Susan Walter
8608,Susannah Heath-Eves
8609,Susannah Ward
8610,Susanne Bier
8611,Suseenthiran
8612,Sushil Majumdar
8613,Sushrut Jain
8614,Svati Chakravarty Bhatkal
8615,Svetlana Cvetko
8616,Swapna Waghmare Joshi
8617,Swapnaneel Jayakar
8618,Syamsul Yusof
8619,Sydney Freeland
8620,Sydney Pollack
8621,Sydney Sibilia
8622,Syed Ahmad Afzal
8623,Syed Atif Ali
8624,Sylvain White
8625,Sylvester Stallone
8626,Sylvie Verheyde
8627,Syrine Boulanouar; Nekfeu
8628,Sze Yu Lau
8629,Tade Ogidan
8630,Taika Waititi
8631,Takashi Doscher
8632,Takashi Shimizu
8633,Takashi Yamazaki; Ryuichi Yagi; Makoto Hanafusa
8634,Takeru Nakajima; Yoshiyuki Okada
8635,Takeshi Fukunaga
8636,Takeshi Nozue
8637,Taketoshi Sado
8638,Takuma Sato
8639,Takuya Igarashi
8640,Takuya Inaba
8641,Tamara Jenkins
8642,Tamas Yvan Topolanszky
8643,Tamer Bassiouni
8644,Tamta Gabrichidze
8645,Tan Bing
8646,Tanawat Aiemjinda
8647,Tània Balló
8648,Tanit Jitnukul
8649,Tanuj Bhramar
8650,Tanuj Chopra
8651,Tanuja Chandra
8652,Tanveer Khan
8653,Taranveer Singh
8654,Tarek Abdel Moaty
8655,Tarek Al Eryan
8656,Tariq Alkazim
8657,Tariq Khan
8658,Taron Lexton
8659,Tarsem Singh
8660,Tarun Mansukhani
8661,Tate Taylor
8662,Tathagata Banerjee
8663,Tatsushi Omori
8664,Taylor Hackford
8665,Taylor Morden
8666,Taylor Sheridan
8667,Ted Braun
8668,Ted Demme
8669,Ted Emery
8670,Ted Geoghegan
8671,Teddy Chan
8672,Teddy Lussi-Modeste
8673,Tejas Prabha Vijay Deoskar
8674,Tekin Girgin
8675,Teng Huatao
8676,Tensai Okamura
8677,Teo Konuralp
8678,Terri Randall
8679,Terrie Samundra
8680,Terry Gilliam
8681,Terry Gilliam; Terry Jones
8682,Terry Hughes; Ian MacNaughton
8683,Terry Jones
8684,Terry Loane
8685,Tetsuo Yajima
8686,Tharun Bhascker
8687,Tharun Bhascker Dhaassyam; B. V. Nandini Reddy; Nag Ashwin; Sankalp Reddy
8688,Theo Davies
8689,Theo Love
8690,Theodore Boborol
8691,Theodore Melfi
8692,Theodore Witcher
8693,Thiagarajan Kumararaja
8694,Thierry Demaizière; Alban Teurlai
8695,Thierry Donard
8696,Thiru
8697,Thom Fitzgerald
8698,Thom Zimny
8699,Thomas Astruc
8700,Thomas Carter
8701,Thomas Meadmore
8702,Thomas Sieben
8703,Thomas Sorriaux
8704,Thomas Stuber
8705,Thomas Toby Parkinson
8706,Thomas Vinterberg
8707,Thor Freudenthal
8708,Thurop Van Orman; John Rice
8709,Ti West
8710,Tianyu Zhao
8711,Ticoy Rodriguez
8712,Tiffanie Hsu
8713,Tig Notaro
8714,Tigmanshu Dhulia
8715,Tilak Shetty
8716,Tiller Russell
8717,Tim Bartley
8718,Tim Blake Nelson
8719,Tim Burton
8720,Tim Hill
8721,Tim Johnson
8722,Tim Maltby
8723,Tim Neeves
8724,Tim Rouhana
8725,Tim Van Someren
8726,Timo Tjahjanto
8727,Timo Tjahjanto; Kimo Stamboel
8728,Timo Vuorensola
8729,Timothy Reckart
8730,Timothy Woodward Jr.
8731,Tinge Krishnan
8732,Tinnu Anand
8733,Tinu Pappachan
8734,Tirumala Kishore
8735,TJ Sullivan; Greg Rankin
8736,Toa Fraser
8737,Tobe Hooper
8738,Toby Haynes
8739,Todd Biermann
8740,Todd Haynes
8741,Todd Kauffman; Mark Thornton
8742,Todd Phillips
8743,Todd S. Yellin
8744,Todd Standing
8745,Todor Chapkanov
8746,To-hoi Kong
8747,Toka McBaror
8748,Toka McBaror; Tunde Apalowo
8749,Tolga Karaçelik
8750,Tolga Örnek
8751,Tolu Awobiyi
8752,Tolulope Itegboje
8753,Tom Barton-Humphreys
8754,Tom Donahue
8755,Tom Edmunds
8756,Tom Elkins
8757,Tom Fassaert
8758,Tom Ford
8759,Tom Forrest
8760,Tom Gianas; Ross R. Shuman
8761,Tom Green
8762,Tom Holland
8763,Tom Hooper
8764,Tom McCarthy
8765,Tom O'Brien
8766,Tom O'Dell
8767,Tom Shadyac
8768,Tom Stern
8769,Tom Stubberfield
8770,Tom Whitter
8771,Tom Whitworth
8772,Tomas Brickhill
8773,Tomas Portella
8774,Tomer Eshed
8775,Tomer Heymann
8776,Tommy Avallone
8777,Tommy Chong
8778,Tommy O'Haver
8779,Tommy Wirkola
8780,Tony Abulu
8781,Tony Bancroft; Scott Christian Sava
8782,Tony Collingwood
8783,Tony Datis
8784,Tony Elliott
8785,Tony Giglio
8786,Tony Kaye
8787,Tony Leondis
8788,Tony Scott
8789,Tony Stone
8790,Tony Zierra
8791,Tope Alake
8792,Tope Oshin
8793,Toshiya Shinohara
8794,Toshiyuki Kubooka
8795,Toshiyuki Tsuru
8796,Tosin Coker
8797,Tosin Igho
8798,Toyin Abraham
8799,Travis Stevens
8800,Travis Zariwny
8801,Travon Free; Martin Desmond Roe
8802,Trent Haaga
8803,Trevor Nunn
8804,Trevor Ryan
8805,Trey Borzillieri; Barbara Schroeder
8806,Trey Edward Shults
8807,Trey Haley
8808,Trey Parker
8809,Trish Sie
8810,Trisha Ziff
8811,Tristan Ferland Milewski
8812,Trivikram Srinivas
8813,Troy Byer
8814,Troy Miller
8815,Troy Nixey
8816,Trudie Styler
8817,Tsutomu Mizushima
8818,TT The Artist
8819,Tudor Giurgiu
8820,Tugçe Soysop
8821,Tyler Greco
8822,Tyler Perry
8823,Tyler Spindel
8824,Udai Singh Pawar
8825,Udoka Oyeka
8826,Uduak-Obong Patrick
8827,Ui-seok Jo
8828,Ulises Valencia
8829,Ulrike Kofler
8830,Umer Adil
8831,Umesh Bist
8832,Umesh Ghadge
8833,Umesh Mehra
8834,Umesh Shukla
8835,Umut Aral
8836,Umut Kirca
8837,Unjoo Moon
8838,Upi Avianto
8839,Uraaz Bahl
8840,Uttung Shelar
8841,Uwe Boll
8842,Uzodinma Okpechi
8843,V C Abhilash
8844,V Vignarajan
8845,V. K. Prakash
8846,V. Scott Balcerek
8847,Vadim Jean
8848,Valeria Golino
8849,Valli Bindana
8850,Van M. Pham
8851,Vandana Kataria
8852,Vanessa Roth
8853,Varun Narvekar
8854,Vasan Bala
8855,Venkatesh Maha
8856,Venky Kudumula
8857,Venugopan
8858,Veronica Velasco
8859,Vetrimaaran
8860,Vibeke Idsøe
8861,Vibhu Virender Puri
8862,Vic Armstrong
8863,Vicente Villanueva
8864,Vicky Matthews
8865,Vicky Matthews; Gareth Sacala
8866,Vicky Wight
8867,Victor Cook
8868,Victor Dal Chele; Alfred Gimeno
8869,Víctor García
8870,Victor Gatonye
8871,Victor Levin
8872,Victor Vu
8873,Victor Zarcoff
8874,Victoria Bromley
8875,Vidhu Vinod Chopra
8876,Vijay
8877,Vijay Jayapal
8878,Vijay Kumar
8879,Vijay Kumar Arora
8880,Vijay Lalwani
8881,Vijay Maurya
8882,Vijay Milton
8883,Vijay Roche
8884,Vijay S. Bhanushali
8885,Vijay Yelakanti
8886,Vikas Bahl
8887,Vikas Bahl; Nitesh Tiwari
8888,Vikram Bhatt
8889,Vikram Gandhi
8890,Vikram Pradhan
8891,Vikramaditya Motwane
8892,Vikramaditya Motwane; Anurag Kashyap
8893,Vinay Bharadwaj
8894,Vince Gilligan
8895,Vince Marcello
8896,Vincent Kok
8897,Vincent Perez
8898,Vincent Ward
8899,Vincente Minnelli; Charles Walters
8900,Vincenzo Natali
8901,Vineeth Anil
8902,Vinil Mathew
8903,Vinod Kapri
8904,Vipin Parashar
8905,Vipul Amrutlal Shah
8906,Vir Das
8907,Vir Das; Ajay Bhuyan
8908,Viridiana Lieberman
8909,Vishal Bhardwaj
8910,Vishal Mahadkar
8911,Vishal Mishra
8912,Vishnu Govindhan
8913,Vishwesh Krishnamoorthy
8914,Vitor Brandt
8915,Vivek Agnihotri
8916,Vivek Wagh
8917,Vivieno Caldinelli
8918,Vlad Yudin
8919,Volker Arzt; Angelika Sigl
8920,Volker Weicker
8921,Vonda Harrell; Daniel Camenisch
8922,Vondie Curtis-Hall
8923,Vrinda Samartha
8924,Wade Allain-Marcus; Jesse Allain-Marcus
8925,Wael Ehsan
8926,Wael Ihsan
8927,Wagner de Assis
8928,Walerian Borowczyk
8929,Wally Pfister
8930,Walter C. Miller
8931,Walter Hill
8932,Walter Taylaur
8933,Warren P. Sonoda
8934,Wash Westmoreland
8935,Waymon Boone
8936,Wayne Blair
8937,Weica Wang
8938,Wendy Jo Carlton
8939,Wenn V. Deramas
8940,Werner Herzog
8941,Wes Craven
8942,White Trash Tyler
8943,Wi Ding Ho
8944,Will Allen
8945,Will Canon
8946,Will Eisenberg
8947,Will Forbes
8948,Will Gluck
8949,Will Lockhart; Cole D. Pruitt
8950,Will Lovelace; Dylan Southern
8951,Will McCormack; Michael Govier
8952,Will Yapp
8953,William Bindley
8954,William Brent Bell
8955,William Eubank; Will Eubank
8956,William Friedkin
8957,William H. Macy
8958,William Kaufman
8959,William Lau
8960,William Lau; Sylvain Blais
8961,William Monahan
8962,William Wyler
8963,William Wyler; John Sturges
8964,Wilson Coneybeare
8965,Wilson Yip
8966,Wim Bonte
8967,Wim Wenders
8968,Wojciech Marczewski
8969,Wolfgang Petersen
8970,Wong Jing
8971,Wong Jing; Jason Kwan
8972,Wong Kar Wai
8973,Woo Ming Jin
8974,Woo Min-ho
8975,Woody Allen
8976,Wouter Bouvijn
8977,Wyatt Cenac
8978,Xavier Durringer
8979,Xavier Gens
8980,Xavier Maingon; Marc-Antoine Hélard
8981,Xavier Manrique
8982,Xiao Feng
8983,Xiaoxing Yi; Yoshitaka Takeuchi; Haoling Li
8984,Y. Joon Chung
8985,Yacine Belhousse
8986,Yance Ford
8987,Yandy Laurens
8988,Yang Lei
8989,Yang Woo-seok
8990,Yann Arthus-Bertrand; Michael Pitiot
8991,Yann Gozlan
8992,Yanyong Kuruaungkoul
8993,Yasir Al Yasiri
8994,Yasir Nawaz
8995,Yasmin Ahmad
8996,Yasuhiro Irie
8997,Yayo Herrero
8998,Yee Tung-Shing
8999,Yemi Amodu
9000,Yen Cheng-kuo
9001,Yeo Siew Hua
9002,Yesim Ustaoglu
9003,Yeung Yat-Tak
9004,Yibrán Asuad
9005,Yılmaz Erdoğan
9006,Yılmaz Erdoğan; Ömer Faruk Sorak
9007,Yin Chen-hao
9008,Yoo Byung-jae
9009,Yoon Sung-hyun
9010,Yorgos Lanthimos
9011,Yoshiyuki Momose
9012,Yoshiyuki Tomino
9013,Yoshiyuki Tomino; Yoshikazu Yasuhiko
9014,You-Jeong Chang
9015,Young Jun Lee
9016,Younuts!
9017,Youssef Chahine
9018,Yu Yang
9019,Yudai Yamaguchi
9020,Yuen Woo-ping
9021,Yuen Wo-Ping
9022,Yuki Tanada
9023,Yuki Yamato
9024,Yulene Olaizola
9025,Yusuf Pirhasan
9026,Yuval Adler
9027,Yvan Attal
9028,Zach Braff
9029,Zach Clark
9030,Zachary Heinzerling
9031,Zack Snyder
9032,Zack Whedon
9033,Zak Hilditch
9034,Zakariya
9035,Zara Hayes
9036,Zatella Beatty
9037,Zeek Earl; Christopher Caldwell
9038,Zeke Norton
9039,Zhang Chong
9040,Zhang Yimou
9041,Zhao Ji
9042,Ziad Doueiri
9043,Ziga Virc
9044,Ziggy Hofmeyr
9045,Zoe Berriatúa
9046,Zoe Lister-Jones
9047,Zoya Akhtar
9048,Zoya Akhtar; Karan Johar; Anurag Kashyap; Dibakar Banerjee
9049,Zsolt Pálfi
9050,Zuko Nodada
