User-ID,Name,Age
1,Wade,-1
2,Dave,18
3,Seth,-1
4,Ivan,17
5,Riley,-1
6,Gilbert,61
7,Jorge,-1
8,Dan,-1
9,Brian,-1
10,Roberto,26
11,Ramon,14
12,Miles,-1
13,Liam,26
14,Nathaniel,-1
15,Ethan,-1
16,Lewis,-1
17,Milton,-1
18,Claude,25
19,Joshua,14
20,Glen,19
21,Harvey,46
22,Blake,-1
23,Antonio,-1
24,Connor,19
25,Julian,55
26,Aidan,-1
27,Harold,32
28,Conner,24
29,Paul,19
30,Ricardo,24
31,Hector,20
32,Alexis,-1
33,Adrian,34
34,Kingston,-1
35,Douglas,17
36,Gerald,24
37,Joey,23
38,Johnny,34
39,Charlie,-1
40,Scott,32
41,Martin,14
42,Tristin,17
43,Troy,18
44,Tommy,19
45,Stuart,20
46,Orlando,21
47,Keith,22
48,Marion,23
49,Marshall,24
50,Noel,25
51,Everett,26
52,Romeo,27
53,Sebastian,28
54,Stefan,-1
55,Robin,30
56,Clarence,31
57,Sandy,32
58,Ernest,33
59,Samuel,34
60,Benjamin,35
61,Luka,36
62,Fred,-1
63,Albert,38
64,Greyson,39
65,Terry,40
66,Cedric,41
67,Joe,42
68,Paul,43
69,George,-1
70,Bruce,45
71,Christopher,46
72,Mark,47
73,Ron,-1
74,Craig,49
75,Philip,50
76,Jimmy,51
77,Arthur,52
78,Jaime,53
79,Perry,54
80,Harold,55
81,Jerry,56
82,Shawn,-1
83,Walter,58
